tconst	ordering	nconst	category	job	characters
tt0000001	1	nm1588970	self	null	['Self']
tt0000001	2	nm0005690	director	null	null
tt0000001	3	nm0374658	cinematographer	director of photography	null
tt0000002	1	nm0721526	director	null	null
tt0000002	2	nm1335271	composer	null	null
tt0000003	1	nm0721526	director	null	null
tt0000003	2	nm1770680	producer	producer	null
tt0000003	3	nm1335271	composer	null	null
tt0000003	4	nm5442200	editor	null	null
tt0000004	1	nm0721526	director	null	null
tt0000004	2	nm1335271	composer	null	null
tt0000005	1	nm0443482	actor	null	['Blacksmith']
tt0000005	2	nm0653042	actor	null	['Assistant']
tt0000005	3	nm0005690	director	null	null
tt0000005	4	nm0249379	producer	producer	null
tt0000006	1	nm0005690	director	null	null
tt0000007	1	nm0179163	actor	null	null
tt0000007	2	nm0183947	actor	null	null
tt0000007	3	nm0005690	director	null	null
tt0000007	4	nm0374658	director	null	null
tt0000007	5	nm0249379	producer	producer	null
tt0000008	1	nm0653028	actor	null	['Sneezing Man']
tt0000008	2	nm0005690	director	null	null
tt0000008	3	nm0374658	cinematographer	null	null
tt0000009	1	nm0063086	actress	null	['Miss Geraldine Holbrook (Miss Jerry)']
tt0000009	2	nm0183823	actor	null	['Mr. Hamilton']
tt0000009	3	nm1309758	actor	null	['Chauncey Depew - the Director of the New York Central Railroad']
tt0000009	4	nm0085156	director	null	null
tt0000010	1	nm0525910	director	null	null
tt0000011	1	nm3692297	actor	null	['Acrobats']
tt0000011	2	nm0804434	director	null	null
tt0000012	1	nm2880396	self	null	['Self']
tt0000012	2	nm9735580	self	null	['Self']
tt0000012	3	nm0525900	self	null	['Self']
tt0000012	4	nm9735581	self	null	['Self']
tt0000012	5	nm0525908	director	null	null
tt0000012	6	nm0525910	director	null	null
tt0000012	7	nm9735579	self	null	['Self']
tt0000012	8	nm9653419	self	null	['Self']
tt0000013	1	nm0525908	self	null	['Self']
tt0000013	2	nm1715062	self	null	['Self']
tt0000013	3	nm0525910	director	null	null
tt0000014	1	nm0166380	actor	null	['The Gardener']
tt0000014	2	nm0244989	actor	null	['The Boy']
tt0000014	3	nm0525910	director	null	null
tt0000015	1	nm0721526	director	null	null
tt0000016	1	nm0525900	self	null	['Self (on the pier)']
tt0000016	2	nm9735581	self	null	['Self (on the pier)']
tt0000016	3	nm0525910	director	null	null
tt0000017	1	nm3691272	actor	null	['The boy']
tt0000017	2	nm3692829	actress	null	['The girl']
tt0000017	3	nm1587194	director	null	null
tt0000017	4	nm0804434	director	null	null
tt0000018	1	nm3692071	actor	null	['The Boxer']
tt0000018	2	nm0804434	director	null	null
tt0000019	1	nm0932055	director	null	null
tt0000020	1	nm0010291	director	null	null
tt0000020	2	nm0666972	producer	producer	null
tt0000022	1	nm0525910	director	null	null
tt0000023	1	nm0525910	director	null	null
tt0000024	1	nm0256651	self	null	['Self - Empress of Gemany']
tt0000024	2	nm0435118	self	null	['Self - Emperor of Germany']
tt0000024	3	nm0010291	director	null	null
tt0000024	4	nm0666972	producer	producer	null
tt0000025	1	nm0010291	director	null	null
tt0000025	2	nm0666972	producer	producer	null
tt0000026	1	nm2350007	actor	null	['Valet']
tt0000026	2	nm0525907	actor	null	['Man playing cards, seated on the left']
tt0000026	3	nm1151424	actor	null	['Man playing cards, seated on the right']
tt0000026	4	nm2354154	actor	null	['Man playing cards, seated in the middle']
tt0000026	5	nm0525910	director	null	null
tt0000027	1	nm0525910	director	null	null
tt0000028	1	nm2350838	self	null	['Self']
tt0000028	2	nm0525908	self	null	['Self']
tt0000028	3	nm0525910	director	null	null
tt0000029	1	nm0525908	self	null	['Self']
tt0000029	2	nm0525900	self	null	['Self']
tt0000029	3	nm2350838	self	null	['Self']
tt0000029	4	nm0525910	director	null	null
tt0000030	1	nm0010291	director	null	null
tt0000030	2	nm0666972	director	null	null
tt0000031	1	nm0525910	director	null	null
tt0000032	1	nm3692479	actress	null	['The dancer']
tt0000032	2	nm0804434	director	null	null
tt0000033	1	nm0525910	director	null	null
tt0000034	1	nm0617588	director	null	null
tt0000035	1	nm0617588	director	null	null
tt0000036	1	nm0420198	actor	null	['Rip Van Winkle']
tt0000036	2	nm0005690	director	null	null
tt0000036	3	nm0410331	writer	story 'Rip Van Winkle'	null
tt0000036	4	nm0005658	cinematographer	null	null
tt0000037	1	nm0617588	director	null	null
tt0000038	1	nm2960633	self	null	['Self - First baseman']
tt0000038	2	nm0340719	self	null	['Self']
tt0000038	3	nm2958402	self	null	['Self']
tt0000038	4	nm0374658	director	null	null
tt0000039	1	nm0666972	producer	producer	null
tt0000040	1	nm0617588	director	null	null
tt0000041	1	nm0525910	director	null	null
tt0000041	2	nm0525908	producer	producer	null
tt0000042	1	nm0617588	director	null	null
tt0000043	1	nm0617588	director	null	null
tt0000044	1	nm0617588	director	null	null
tt0000045	1	nm0617588	director	null	null
tt0000046	1	nm0617588	director	null	null
tt0000047	1	nm0617588	director	null	null
tt0000048	1	nm0010291	director	null	null
tt0000049	1	nm0010291	director	null	null
tt0000050	1	nm3029234	self	null	['Self']
tt0000050	2	nm0617588	director	null	null
tt0000051	1	nm0617588	director	null	null
tt0000052	1	nm0895515	director	null	null
tt0000052	2	nm1729239	cinematographer	null	null
tt0000053	1	nm0684607	director	null	null
tt0000054	1	nm0617588	director	null	null
tt0000055	1	nm0617588	director	null	null
tt0000056	1	nm0795060	director	null	null
tt0000057	1	nm0874739	self	null	['Self (Tsar of Russia)']
tt0000057	2	nm0874746	self	null	['Self (Tsarina of Russia)']
tt0000057	3	nm0617588	director	null	null
tt0000058	1	nm0874739	self	null	['Self (Tsar of Russia)']
tt0000058	2	nm0617588	director	null	null
tt0000059	1	nm0617588	director	null	null
tt0000060	1	nm0005690	director	null	null
tt0000060	2	nm0005658	cinematographer	null	null
tt0000061	1	nm4007970	actress	null	null
tt0000061	2	nm0010291	director	null	null
tt0000061	3	nm0666972	producer	producer	null
tt0000062	1	nm0617588	director	null	null
tt0000063	1	nm0617588	actor	null	['Georges Méliès']
tt0000064	1	nm0617588	actor	null	['Lightening Sketch Artist']
tt0000065	1	nm0617588	actor	null	['Lightening Sketch Artist']
tt0000066	1	nm0617588	actor	null	['Lightening Sketch Artist']
tt0000067	1	nm0617588	director	null	null
tt0000068	1	nm0617588	director	null	null
tt0000069	1	nm0617588	director	null	null
tt0000070	1	nm0525908	actor	null	null
tt0000070	2	nm0525910	director	null	null
tt0000071	1	nm0617588	director	null	null
tt0000072	1	nm0617588	director	null	null
tt0000073	1	nm0617588	director	null	null
tt0000074	1	nm0617588	director	null	null
tt0000075	1	nm0194945	actress	null	['Woman']
tt0000075	2	nm0617588	actor	null	['Magician']
tt0000076	1	nm0420198	actor	null	['Rip Van Winkle']
tt0000076	2	nm0005690	director	null	null
tt0000076	3	nm0410331	writer	story 'Rip Van Winkle'	null
tt0000076	4	nm0005658	cinematographer	null	null
tt0000077	1	nm0617588	director	null	null
tt0000078	1	nm0234288	director	null	null
tt0000079	1	nm0617588	director	null	null
tt0000080	1	nm0617588	director	null	null
tt0000081	1	nm0617588	director	null	null
tt0000082	1	nm0005690	director	null	null
tt0000082	2	nm0005658	cinematographer	null	null
tt0000083	1	nm0617588	director	null	null
tt0000084	1	nm0617588	director	null	null
tt0000085	1	nm0617588	director	null	null
tt0000086	1	nm0617588	director	null	null
tt0000087	1	nm0617588	director	null	null
tt0000088	1	nm0617588	director	null	null
tt0000089	1	nm0525908	director	null	null
tt0000089	2	nm0698645	director	null	null
tt0000089	3	nm0525910	producer	producer	null
tt0000090	1	nm0617588	director	null	null
tt0000091	1	nm0194945	actress	null	['Young woman']
tt0000091	2	nm6170115	actor	null	['Mephistopheles']
tt0000091	3	nm0617588	actor	null	['Mephistopheles']
tt0000092	1	nm0617588	director	null	null
tt0000093	1	nm0525908	director	null	null
tt0000093	2	nm0525910	director	null	null
tt0000094	1	nm9513675	self	null	['Self']
tt0000094	2	nm0617588	director	null	null
tt0000095	1	nm0617588	director	null	null
tt0000096	1	nm0617588	director	null	null
tt0000097	1	nm0617588	director	null	null
tt0000098	1	nm0617588	director	null	null
tt0000099	1	nm0617588	director	null	null
tt0000100	1	nm0617588	director	null	null
tt0000101	1	nm0617588	director	null	null
tt0000102	1	nm0617588	director	null	null
tt0000103	1	nm0617588	director	null	null
tt0000104	1	nm0525910	producer	producer	null
tt0000105	1	nm0617588	director	null	null
tt0000106	1	nm0617588	director	null	null
tt0000107	1	nm0617588	director	null	null
tt0000108	1	nm0420198	actor	null	['Rip Van Winkle']
tt0000108	2	nm0005690	director	null	null
tt0000108	3	nm0410331	writer	story 'Rip Van Winkle'	null
tt0000108	4	nm0005658	cinematographer	null	null
tt0000109	1	nm0420198	actor	null	['Rip Van Winkle']
tt0000109	2	nm0005690	director	null	null
tt0000109	3	nm0410331	writer	story 'Rip Van Winkle'	null
tt0000109	4	nm0005658	cinematographer	null	null
tt0000110	1	nm0420198	actor	null	['Rip Van Winkle']
tt0000110	2	nm0005690	director	null	null
tt0000110	3	nm0410331	writer	story 'Rip Van Winkle'	null
tt0000110	4	nm0005658	cinematographer	null	null
tt0000111	1	nm0420198	actor	null	['Rip Van Winkle']
tt0000111	2	nm0005690	director	null	null
tt0000111	3	nm0410331	writer	story 'Rip Van Winkle'	null
tt0000111	4	nm0005658	cinematographer	null	null
tt0000112	1	nm0420198	actor	null	['Rip Van Winkle']
tt0000112	2	nm0005690	director	null	null
tt0000112	3	nm0410331	writer	story 'Rip Van Winkle'	null
tt0000112	4	nm0005658	cinematographer	null	null
tt0000113	1	nm0420198	actor	null	['Rip Van Winkle']
tt0000113	2	nm0005690	director	null	null
tt0000113	3	nm0410331	writer	story 'Rip Van Winkle'	null
tt0000113	4	nm0005658	cinematographer	null	null
tt0000114	1	nm0617588	director	null	null
tt0000115	1	nm0617588	director	null	null
tt0000116	1	nm0617588	director	null	null
tt0000117	1	nm0234288	director	null	null
tt0000118	1	nm0617588	director	null	null
tt0000119	1	nm0617588	director	null	null
tt0000120	1	nm0617588	director	null	null
tt0000121	1	nm0832461	actor	null	['The Soldier']
tt0000121	2	nm0780534	actress	null	['The Girl']
tt0000121	3	nm5718242	actress	null	['The Woman']
tt0000121	4	nm0609678	director	null	null
tt0000121	5	nm0666972	producer	producer	null
tt0000122	1	nm0617588	director	null	null
tt0000123	1	nm0617588	self	null	['Self (stage magician)']
tt0000124	1	nm0617588	director	null	null
tt0000125	1	nm0666972	producer	producer	null
tt0000126	1	nm0617588	director	null	null
tt0000127	1	nm0617588	director	null	null
tt0000128	1	nm0617588	director	null	null
tt0000129	1	nm0617588	director	null	null
tt0000130	1	nm0617588	director	null	null
tt0000131	1	nm0617588	actor	null	['L'homme qui essaie de dormir']
tt0000132	1	nm9342429	actress	null	['La Serveuse']
tt0000132	2	nm0577734	actor	null	['Un joueur de cartes']
tt0000132	3	nm0617588	actor	null	['Un joueur de cartes']
tt0000132	4	nm3029234	actress	null	['La petite fille']
tt0000133	1	nm0617588	director	null	null
tt0000135	1	nm0005690	director	null	null
tt0000135	2	nm0005658	cinematographer	null	null
tt0000137	1	nm0349785	director	null	null
tt0000138	1	nm0617588	actor	null	['Inn Guest']
tt0000139	1	nm0349785	director	null	null
tt0000140	1	nm0349785	director	null	null
tt0000141	1	nm0349785	director	null	null
tt0000142	1	nm0168621	actor	null	null
tt0000142	2	nm0924920	director	null	null
tt0000142	3	nm0374658	cinematographer	null	null
tt0000143	1	nm0349785	director	null	null
tt0000144	1	nm0349785	director	null	null
tt0000145	1	nm0349785	director	null	null
tt0000146	1	nm0349785	director	null	null
tt0000147	1	nm0179163	self	null	['Self']
tt0000147	2	nm0280615	self	null	['Self']
tt0000147	3	nm4082222	self	null	['Self - Sullivan's Manager']
tt0000147	4	nm4081458	self	null	['Self - Referee']
tt0000147	5	nm0714557	director	null	null
tt0000147	6	nm0103755	producer	producer	null
tt0000147	7	nm2256592	self	null	['Self - Master of Ceremonies']
tt0000148	1	nm0349785	director	null	null
tt0000149	1	nm0617588	director	null	null
tt0000150	1	nm0349785	director	null	null
tt0000151	1	nm0194945	actress	null	null
tt0000151	2	nm0617588	director	null	null
tt0000152	1	nm0617588	actor	null	null
tt0000153	1	nm0808310	director	null	null
tt0000154	1	nm0010291	director	null	null
tt0000155	1	nm0617588	director	null	null
tt0000156	1	nm0617588	director	null	null
tt0000157	1	nm0349785	director	null	null
tt0000158	1	nm0349785	director	null	null
tt0000159	1	nm0617588	director	null	null
tt0000160	1	nm0095816	director	null	null
tt0000160	2	nm0666972	producer	producer	null
tt0000161	1	nm0349785	director	null	null
tt0000162	1	nm0698645	director	null	null
tt0000162	2	nm0525908	producer	producer	null
tt0000162	3	nm0525910	producer	producer	null
tt0000163	1	nm0349785	director	null	null
tt0000164	1	nm0349785	director	null	null
tt0000165	1	nm0024876	actor	null	null
tt0000165	2	nm0278321	actor	null	null
tt0000165	3	nm0005717	actor	null	null
tt0000165	4	nm0556371	actor	null	null
tt0000165	5	nm0083196	cinematographer	null	null
tt0000165	6	nm0563758	actor	null	null
tt0000166	1	nm0005717	director	null	null
tt0000167	1	nm0422809	director	null	null
tt0000168	1	nm0005717	director	null	null
tt0000169	1	nm0698645	director	null	null
tt0000169	2	nm0677318	producer	producer	null
tt0000170	1	nm0666972	director	null	null
tt0000171	1	nm0349785	director	null	null
tt0000172	1	nm0809419	actress	null	null
tt0000172	2	nm0338379	actor	null	['Professor']
tt0000172	3	nm0808310	director	null	null
tt0000173	1	nm0085865	director	null	null
tt0000174	1	nm0841389	actor	null	['Sausage Vendor']
tt0000174	2	nm1024447	actor	null	['Sticker']
tt0000174	3	nm0471818	director	null	null
tt0000175	1	nm0795060	director	null	null
tt0000175	2	nm0666972	producer	producer	null
tt0000176	1	nm0666972	producer	producer	null
tt0000177	1	nm0085865	actor	null	['The Burglar']
tt0000177	2	nm0807236	cinematographer	null	null
tt0000178	1	nm0692105	director	null	null
tt0000179	1	nm0617588	director	null	null
tt0000180	1	nm0349785	director	null	null
tt0000181	1	nm0809419	actress	null	['Cinderella']
tt0000181	2	nm0808310	director	null	null
tt0000181	3	nm0674518	writer	story 'Cendrillon'	null
tt0000182	1	nm0666972	director	null	null
tt0000183	1	nm0808310	director	null	null
tt0000183	2	nm0241416	writer	novel	null
tt0000184	1	nm0924920	director	null	null
tt0000185	1	nm0349785	director	null	null
tt0000186	1	nm0617588	director	null	null
tt0000187	1	nm0349785	director	null	null
tt0000188	1	nm0666972	director	null	null
tt0000189	1	nm0005717	director	null	null
tt0000190	1	nm0841389	actor	null	['Old Philanderer']
tt0000190	2	nm1024447	actor	null	['Man with Broom']
tt0000190	3	nm0471818	director	null	null
tt0000191	1	nm0349785	director	null	null
tt0000192	1	nm0518132	self	null	['Self']
tt0000192	2	nm0924920	director	null	null
tt0000192	3	nm0238900	writer	novel 'Trilby'	null
tt0000192	4	nm0374658	cinematographer	null	null
tt0000193	1	nm0349785	director	null	null
tt0000194	1	nm0378408	director	null	null
tt0000195	1	nm0349785	director	null	null
tt0000196	1	nm0808310	director	null	null
tt0000196	2	nm0324473	writer	novel	null
tt0000197	1	nm0349785	director	null	null
tt0000198	1	nm0349785	director	null	null
tt0000199	1	nm0666972	producer	producer	null
tt0000200	1	nm1380868	self	null	['Self']
tt0000201	1	nm0168621	self	null	['Self']
tt0000201	2	nm0005690	director	null	null
tt0000201	3	nm0249379	producer	producer	null
tt0000202	1	nm0349785	director	null	null
tt0000203	1	nm0349785	director	null	null
tt0000204	1	nm0349785	director	null	null
tt0000205	1	nm0349785	director	null	null
tt0000206	1	nm0005717	director	null	null
tt0000207	1	nm0666972	producer	producer	null
tt0000208	1	nm0808310	director	null	null
tt0000209	1	nm0808310	director	null	null
tt0000210	1	nm0617588	actor	null	null
tt0000211	1	nm0194945	actress	null	['Phoebe - la bonne fée']
tt0000211	2	nm0617588	actor	null	['L'astronome']
tt0000212	1	nm0795060	director	null	null
tt0000213	1	nm0349785	director	null	null
tt0000214	1	nm0085865	actor	null	['Hand that tears down the Spanish flag']
tt0000214	2	nm0807236	producer	producer	null
tt0000215	1	nm0841389	actor	null	null
tt0000215	2	nm0471818	director	null	null
tt0000216	1	nm1997201	self	null	['Self']
tt0000216	2	nm0454367	self	null	['Self']
tt0000216	3	nm0005717	director	null	null
tt0000217	1	nm0808310	director	null	null
tt0000218	1	nm0617588	actor	null	['Fernand Labori']
tt0000219	1	nm0808310	director	null	null
tt0000220	1	nm0666972	producer	producer	null
tt0000221	1	nm0182052	director	null	null
tt0000222	1	nm0349785	director	null	null
tt0000223	1	nm0349785	director	null	null
tt0000224	1	nm0666972	producer	producer	null
tt0000225	1	nm0207305	writer	story	null
tt0000226	1	nm0378408	producer	producer	null
tt0000227	1	nm4427898	director	null	null
tt0000227	2	nm0666972	producer	producer	null
tt0000228	1	nm0349785	director	null	null
tt0000229	1	nm0857203	writer	poem	null
tt0000229	2	nm0924920	producer	producer	null
tt0000229	3	nm0595213	composer	null	null
tt0000230	1	nm1333156	actress	null	['Cinderella']
tt0000230	2	nm0076933	actress	null	['The Fairy Godmother']
tt0000230	3	nm1778224	actor	null	['Prince Charming']
tt0000230	4	nm0194945	actress	null	['Fairy Godmother']
tt0000230	5	nm0617588	director	null	null
tt0000230	6	nm0674518	writer	story 'Cinderella'	null
tt0000230	7	nm1778292	actor	null	['Party Guest']
tt0000231	1	nm0795060	director	null	null
tt0000231	2	nm0666972	producer	producer	null
tt0000232	1	nm0349785	director	null	null
tt0000233	1	nm0005717	director	null	null
tt0000234	1	nm0194945	actress	null	['Cleopatre']
tt0000234	2	nm0617588	actor	null	['Tomb Digger']
tt0000235	1	nm0194945	actress	null	['Ayesha']
tt0000235	2	nm0617588	actor	null	['The Devil']
tt0000235	3	nm0353584	writer	novel 'She'	null
tt0000236	1	nm0349785	director	null	null
tt0000237	1	nm0349785	director	null	null
tt0000238	1	nm0349785	director	null	null
tt0000239	1	nm0298291	self	null	['Self']
tt0000239	2	nm0349785	director	null	null
tt0000240	1	nm0005658	cinematographer	null	null
tt0000240	2	nm0555522	cinematographer	null	null
tt0000241	1	nm0349785	director	null	null
tt0000242	1	nm0617588	actor	null	['The Devil']
tt0000243	1	nm0349785	director	null	null
tt0000244	1	nm0349785	director	null	null
tt0000245	1	nm0002615	producer	producer	null
tt0000246	1	nm0617588	actor	null	['Magician']
tt0000247	10	nm6010696	production_designer	null	null
tt0000247	1	nm0002504	actor	null	['King John']
tt0000247	2	nm0784327	actor	null	['Prince Henry']
tt0000247	3	nm2259742	actor	null	['Arthur']
tt0000247	4	nm0924893	actor	null	['Earl of Pembroke']
tt0000247	5	nm2156608	director	null	null
tt0000247	6	nm0005690	director	null	null
tt0000247	7	nm0000636	writer	play	null
tt0000247	8	nm0744231	composer	null	null
tt0000247	9	nm6114857	composer	null	null
tt0000248	1	nm0809419	actress	null	['Wife']
tt0000248	2	nm0808310	actor	null	['Husband']
tt0000249	1	nm0808310	director	null	null
tt0000250	1	nm0005717	director	null	null
tt0000251	1	nm0177862	director	null	null
tt0000252	1	nm0349785	director	null	null
tt0000253	1	nm0095816	director	null	null
tt0000253	2	nm0666972	producer	producer	null
tt0000254	1	nm0349785	director	null	null
tt0000255	1	nm0349785	director	null	null
tt0000256	1	nm0005658	cinematographer	null	null
tt0000257	1	nm0349785	director	null	null
tt0000258	1	nm0349785	director	null	null
tt0000259	1	nm0349785	director	null	null
tt0000260	1	nm0349785	director	null	null
tt0000261	1	nm0617588	actor	null	['The Sleeping Man']
tt0000262	1	nm0349785	director	null	null
tt0000264	1	nm0617588	actor	null	['L'illusioniste']
tt0000265	1	nm0335788	actor	null	['Chimmie Hicks']
tt0000265	2	nm0035502	cinematographer	null	null
tt0000266	1	nm0035502	cinematographer	null	null
tt0000267	1	nm0349785	director	null	null
tt0000268	1	nm0349785	director	null	null
tt0000269	1	nm0666972	director	null	null
tt0000270	1	nm0349785	director	null	null
tt0000271	1	nm0349785	director	null	null
tt0000272	1	nm0808310	director	null	null
tt0000273	1	nm1040375	actor	null	['The Officer']
tt0000273	2	nm1894886	actor	null	['The Missionary']
tt0000273	3	nm1895457	actress	null	['The Girl']
tt0000273	4	nm0932055	director	null	null
tt0000274	1	nm0349785	director	null	null
tt0000275	1	nm0349785	director	null	null
tt0000276	1	nm0349785	director	null	null
tt0000277	1	nm0349785	director	null	null
tt0000278	1	nm0168621	self	null	['Self']
tt0000279	1	nm0168621	actor	null	null
tt0000279	2	nm0555522	cinematographer	null	null
tt0000280	1	nm0168621	actor	null	null
tt0000280	2	nm0555522	cinematographer	null	null
tt0000281	1	nm0168621	actor	null	null
tt0000281	2	nm0035502	cinematographer	null	null
tt0000282	1	nm0349785	director	null	null
tt0000283	1	nm0349785	director	null	null
tt0000284	1	nm0349785	director	null	null
tt0000285	1	nm0095816	director	null	null
tt0000285	2	nm0666972	producer	producer	null
tt0000286	1	nm0349785	director	null	null
tt0000287	1	nm0085865	director	null	null
tt0000287	2	nm0807236	director	null	null
tt0000288	1	nm0349785	director	null	null
tt0000289	1	nm0349785	director	null	null
tt0000290	1	nm0349785	director	null	null
tt0000291	1	nm0349785	director	null	null
tt0000292	1	nm0349785	director	null	null
tt0000293	1	nm0349785	director	null	null
tt0000294	1	nm0349785	director	null	null
tt0000295	1	nm0349785	director	null	null
tt0000296	1	nm10501864	actress	null	['Dancer']
tt0000296	2	nm0349785	director	null	null
tt0000297	1	nm0349785	director	null	null
tt0000298	1	nm0349785	director	null	null
tt0000299	1	nm0349785	director	null	null
tt0000300	1	nm0085865	actor	null	['Chalk-Talk Artist']
tt0000300	2	nm0807236	producer	producer	null
tt0000301	1	nm0692105	director	null	null
tt0000301	2	nm0324473	writer	play	null
tt0000302	1	nm0349785	director	null	null
tt0000303	1	nm0349785	director	null	null
tt0000304	1	nm2940072	actor	null	['Willy - the little grandson']
tt0000304	2	nm0808310	director	null	null
tt0000305	1	nm0112631	actress	null	null
tt0000305	2	nm0349785	director	null	null
tt0000306	1	nm0076800	actress	null	['Hamlet']
tt0000306	2	nm0536252	actor	null	['Laertes']
tt0000306	3	nm1267013	actress	null	['A page']
tt0000306	4	nm0561109	director	null	null
tt0000306	5	nm0000636	writer	play 'Hamlet'	null
tt0000306	6	nm5670483	producer	producer	null
tt0000307	1	nm0085865	actor	null	['Happy Hooligan']
tt0000307	2	nm1112850	writer	comic strip 'Happy Hooligan'	null
tt0000308	1	nm2940350	actress	null	['Little girl']
tt0000308	2	nm2940072	actor	null	['Little brother']
tt0000308	3	nm0808310	director	null	null
tt0000309	1	nm0164281	actress	null	['Passenger']
tt0000309	2	nm0378408	actor	null	['Driver']
tt0000310	1	nm0335788	actor	null	['Chimmie Hicks']
tt0000310	2	nm0151209	actress	null	null
tt0000310	3	nm0035502	cinematographer	null	null
tt0000312	1	nm0349785	director	null	null
tt0000313	1	nm0809419	actress	null	['Young woman']
tt0000313	2	nm0338379	actor	null	['Man']
tt0000313	3	nm0808310	director	null	null
tt0000314	1	nm0349785	director	null	null
tt0000315	1	nm0349785	director	null	null
tt0000316	1	nm0349785	director	null	null
tt0000317	1	nm0349785	director	null	null
tt0000318	1	nm13155558	actor	null	null
tt0000318	2	nm0804433	actor	null	['Koechin']
tt0000318	3	nm0804434	director	null	null
tt0000319	1	nm1272063	actor	null	null
tt0000319	2	nm1272675	actor	null	null
tt0000319	3	nm0793094	director	null	null
tt0000320	1	nm0349785	director	null	null
tt0000321	1	nm0692105	director	null	null
tt0000322	1	nm0005717	director	null	null
tt0000323	1	nm0349785	director	null	null
tt0000324	1	nm0349785	director	null	null
tt0000325	1	nm0112631	actress	null	null
tt0000325	2	nm0349785	director	null	null
tt0000326	1	nm0112631	actress	null	null
tt0000326	2	nm0349785	director	null	null
tt0000327	1	nm0349785	director	null	null
tt0000328	1	nm0349785	director	null	null
tt0000329	1	nm0349785	director	null	null
tt0000330	1	nm0349785	director	null	null
tt0000331	1	nm0349785	director	null	null
tt0000332	1	nm0349785	director	null	null
tt0000333	1	nm0349785	director	null	null
tt0000334	1	nm0349785	director	null	null
tt0000335	1	nm1010955	actress	null	null
tt0000335	2	nm1012612	actor	null	null
tt0000335	3	nm1011210	actor	null	null
tt0000335	4	nm1012621	actor	null	null
tt0000335	5	nm0095714	director	null	null
tt0000335	6	nm0675140	director	null	null
tt0000335	7	nm0675239	actor	null	['Lion']
tt0000335	8	nm0675260	actor	null	['Lion']
tt0000336	1	nm0349785	director	null	null
tt0000337	1	nm0525910	producer	producer	null
tt0000338	1	nm0349785	director	null	null
tt0000339	1	nm0349785	director	null	null
tt0000340	1	nm0542567	actor	null	['Uncle Josh']
tt0000340	2	nm0692105	director	null	null
tt0000341	1	nm0542567	actor	null	['Uncle Josh']
tt0000341	2	nm0692105	director	null	null
tt0000342	1	nm0349785	director	null	null
tt0000343	1	nm0349785	director	null	null
tt0000344	1	nm0349785	director	null	null
tt0000345	1	nm0349785	director	null	null
tt0000346	1	nm0692105	director	null	null
tt0000347	1	nm0168621	actor	null	null
tt0000347	2	nm0035502	cinematographer	null	null
tt0000348	1	nm0349785	director	null	null
tt0000349	1	nm0095816	director	null	null
tt0000349	2	nm0666972	producer	producer	null
tt0000350	1	nm0666972	director	null	null
tt0000351	1	nm0462306	actress	null	null
tt0000351	2	nm0815907	actress	null	null
tt0000351	3	nm0349785	director	null	null
tt0000352	1	nm0692105	director	null	null
tt0000353	1	nm0692105	director	null	null
tt0000354	1	nm0182052	director	null	null
tt0000355	1	nm0932055	director	null	null
tt0000356	1	nm0349785	director	null	null
tt0000357	1	nm0095816	director	null	null
tt0000357	2	nm0666972	producer	producer	null
tt0000358	1	nm0509806	actor	null	null
tt0000358	2	nm1778194	actor	null	null
tt0000358	3	nm0954087	actor	null	null
tt0000359	1	nm0617588	actor	null	['The Chemist','The India Rubber Head']
tt0000360	1	nm0462306	actress	null	['La Grisette']
tt0000360	2	nm0815907	actress	null	['Le Hussard']
tt0000360	3	nm0349785	director	null	null
tt0000361	1	nm0349785	director	null	null
tt0000362	1	nm0349785	director	null	null
tt0000363	1	nm0095816	director	null	null
tt0000363	2	nm0666972	producer	producer	null
tt0000364	1	nm0692105	director	null	null
tt0000364	2	nm0924920	cinematographer	null	null
tt0000365	1	nm0182052	director	null	null
tt0000366	1	nm0182052	director	null	null
tt0000367	1	nm0349785	director	null	null
tt0000368	1	nm1089829	actress	null	['Little Red Riding Hood']
tt0000368	2	nm0617588	director	null	null
tt0000368	3	nm0674518	writer	story 'Le petit chaperon rouge'	null
tt0000369	1	nm0005717	director	null	null
tt0000370	1	nm8709803	actor	null	['Ebenezer Scrooge']
tt0000370	2	nm0095816	director	null	null
tt0000370	3	nm1304340	writer	play 'Scrooge'	null
tt0000370	4	nm0002042	writer	novel 'A Christmas Carol'	null
tt0000370	5	nm0666972	producer	producer	null
tt0000371	1	nm0349785	director	null	null
tt0000372	1	nm0349785	director	null	null
tt0000373	1	nm0954087	director	null	null
tt0000374	1	nm0349785	director	null	null
tt0000375	1	nm0182052	director	null	null
tt0000376	10	nm0466448	actor	null	null
tt0000376	1	nm0617272	actress	null	['Salome']
tt0000376	2	nm0086082	actress	null	null
tt0000376	3	nm0632577	actress	null	null
tt0000376	4	nm0631776	actress	null	null
tt0000376	5	nm0958169	director	null	null
tt0000376	6	nm0670740	writer	null	null
tt0000376	7	nm0449435	composer	null	null
tt0000376	8	nm0078562	actress	null	['Táncos']
tt0000376	9	nm0051042	actress	null	null
tt0000377	1	nm0095816	director	null	null
tt0000377	2	nm0666972	producer	producer	null
tt0000378	1	nm0462306	actress	null	null
tt0000378	2	nm0815907	actress	null	null
tt0000378	3	nm0349785	director	null	null
tt0000379	1	nm0005717	director	null	null
tt0000380	1	nm0634629	director	co-director	null
tt0000380	2	nm0954087	director	co-director	null
tt0000380	3	nm0674518	writer	tale	null
tt0000381	1	nm0168621	actor	null	null
tt0000381	2	nm0002615	producer	producer	null
tt0000382	1	nm0005717	director	null	null
tt0000383	1	nm0005717	director	null	null
tt0000384	1	nm0349785	director	null	null
tt0000385	1	nm0349785	director	null	null
tt0000386	1	nm0349785	director	null	null
tt0000387	1	nm5394591	actor	null	['Attendant Bearing King Edward's Sword']
tt0000387	2	nm0617588	director	null	null
tt0000387	3	nm0881616	director	null	null
tt0000388	1	nm0260089	actress	null	null
tt0000388	2	nm0349785	director	null	null
tt0000389	1	nm0349785	director	null	null
tt0000390	1	nm0349785	director	null	null
tt0000391	1	nm0349785	director	null	null
tt0000392	1	nm0095816	director	null	null
tt0000392	2	nm0666972	producer	producer	null
tt0000393	1	nm0349785	director	null	null
tt0000394	1	nm0349785	director	null	null
tt0000395	1	nm0349785	director	null	null
tt0000396	1	nm0349785	director	null	null
tt0000397	1	nm0349785	director	null	null
tt0000398	1	nm0349785	director	null	null
tt0000399	1	nm0924920	actor	null	['Farmer']
tt0000399	2	nm0925513	actor	null	['Jack']
tt0000399	3	nm2092030	director	null	null
tt0000399	4	nm0692105	director	null	null
tt0000400	1	nm0349785	director	null	null
tt0000401	1	nm0349785	director	null	null
tt0000402	1	nm0338379	actor	null	null
tt0000402	2	nm0808310	director	null	null
tt0000403	1	nm0349785	director	null	null
tt0000404	1	nm0349785	director	null	null
tt0000405	1	nm0349785	director	null	null
tt0000406	1	nm0035502	cinematographer	null	null
tt0000407	1	nm0005717	director	null	null
tt0000408	1	nm0349785	director	null	null
tt0000409	1	nm0349785	actress	null	null
tt0000409	2	nm4905952	actress	null	null
tt0000409	3	nm4906549	actress	null	null
tt0000410	1	nm0035502	director	null	null
tt0000411	1	nm0349785	director	null	null
tt0000412	1	nm0555522	director	null	null
tt0000413	1	nm0617588	actor	null	['The Blonde Miser','Thief']
tt0000414	1	nm0542567	actor	null	['Uncle Josh']
tt0000414	2	nm0692105	director	null	null
tt0000415	1	nm0349785	director	null	null
tt0000416	1	nm0954087	director	null	null
tt0000416	2	nm0957652	writer	novel 'L'Assommoir'	null
tt0000417	1	nm0617588	actor	null	['Prof. Barbenfouillis','The Moon']
tt0000417	2	nm0029244	actor	null	['Astronomer - Nostradamus']
tt0000417	3	nm0076933	actress	null	['Lady in the Moon']
tt0000417	4	nm1215996	actor	null	['Astronomer- Alcofrisbas']
tt0000417	5	nm0894523	writer	novel 'De la Terre à la Lune'	null
tt0000417	6	nm0920229	writer	novel 'First Men in the Moon'	null
tt0000417	7	nm0242155	composer	null	null
tt0000417	8	nm0324073	composer	null	null
tt0000417	9	nm4491570	composer	null	null
tt0000418	1	nm0353576	director	null	null
tt0000419	1	nm0349785	director	null	null
tt0000420	1	nm0164281	actress	null	['Alice']
tt0000420	2	nm0378408	actor	null	['Frog']
tt0000420	3	nm1012587	actor	null	['Large Dog']
tt0000420	4	nm0265714	actor	null	['Card']
tt0000420	5	nm0832948	director	null	null
tt0000420	6	nm0140902	writer	novel 'Alice's Adventures in Wonderland'	null
tt0000421	1	nm0954087	actor	null	null
tt0000421	2	nm0349785	director	null	null
tt0000422	1	nm0954087	actor	null	['Traveler']
tt0000422	2	nm0349785	director	null	null
tt0000423	1	nm0617588	actor	null	null
tt0000424	1	nm0349785	director	null	null
tt0000425	1	nm0168621	actor	null	null
tt0000425	2	nm0783152	producer	producer	null
tt0000426	1	nm0168621	actor	null	null
tt0000426	2	nm0002615	producer	producer	null
tt0000427	1	nm0349785	director	null	null
tt0000428	1	nm0005717	director	null	null
tt0000429	1	nm0349785	director	null	null
tt0000430	1	nm10102653	actor	null	['Chess Player']
tt0000430	2	nm0666972	director	null	null
tt0000431	1	nm0349785	director	null	null
tt0000432	1	nm0954087	actor	null	null
tt0000432	2	nm0349785	director	null	null
tt0000433	1	nm0349785	director	null	null
tt0000434	1	nm2940350	actress	null	['Dorothy']
tt0000434	2	nm0808310	director	null	null
tt0000435	1	nm0349785	director	null	null
tt0000436	1	nm0095816	director	null	null
tt0000436	2	nm0666972	director	null	null
tt0000437	1	nm0349785	director	null	null
tt0000438	1	nm0349785	director	null	null
tt0000439	10	nm0302368	actor	null	['Little Boy']
tt0000439	1	nm0001908	actor	null	['Bandit','Shot Passenger','Tenderfoot Dancer']
tt0000439	2	nm0007625	actor	null	['Sheriff']
tt0000439	3	nm0055607	actor	null	null
tt0000439	4	nm0055661	actor	null	['Bandit Who Fires at Camera']
tt0000439	5	nm0692105	director	null	null
tt0000439	6	nm1145809	writer	story	null
tt0000439	7	nm0807466	cinematographer	null	null
tt0000439	8	nm0131750	actor	null	['Sheriff']
tt0000439	9	nm2313241	actor	null	['Fourth Bandit']
tt0000440	1	nm0617588	actor	null	['Musketeer']
tt0000441	1	nm0159015	director	null	null
tt0000441	2	nm0842605	writer	novel 'The Travels of Gulliver'	null
tt0000442	1	nm0622273	actress	null	['Barnemordersken']
tt0000442	2	nm1854449	actor	null	null
tt0000442	3	nm0253298	director	null	null
tt0000442	4	nm1856940	writer	writer	null
tt0000442	5	nm1857036	writer	writer	null
tt0000443	1	nm0742777	director	null	null
tt0000443	2	nm3887135	writer	scenario	null
tt0000443	3	nm0519303	writer	poem 'The Song of Hiawatha'	null
tt0000444	1	nm0954087	actor	null	['Magician']
tt0000444	2	nm0349785	director	null	null
tt0000445	1	nm0349785	director	null	null
tt0000446	1	nm0567363	director	null	null
tt0000447	1	nm0692105	actor	null	['Policeman']
tt0000447	2	nm0891119	actress	null	['The Girl']
tt0000447	3	nm0924475	actor	null	['The Fireman']
tt0000447	4	nm0924920	actor	null	['Fire Chief']
tt0000447	5	nm2092030	director	null	null
tt0000448	1	nm0349785	director	null	null
tt0000449	1	nm0349785	director	null	null
tt0000450	1	nm0349785	director	null	null
tt0000451	1	nm0809419	actress	null	['Mary Jane']
tt0000451	2	nm0808310	director	null	null
tt0000452	1	nm0001908	actor	null	['Messenger Boy']
tt0000452	2	nm0692105	director	null	null
tt0000453	1	nm0349785	director	null	null
tt0000454	1	nm0349785	director	null	null
tt0000455	1	nm0617588	actor	null	['The Melomaniac']
tt0000456	1	nm0005658	cinematographer	null	null
tt0000457	1	nm0349785	director	null	null
tt0000458	1	nm0349785	director	null	null
tt0000459	1	nm0692105	cinematographer	null	null
tt0000460	1	nm0567363	director	null	null
tt0000461	1	nm0349785	director	null	null
tt0000462	1	nm0349785	director	null	null
tt0000463	1	nm0005717	director	null	null
tt0000464	1	nm0420198	actor	null	['Rip Van Winkle']
tt0000464	2	nm0005690	director	null	null
tt0000464	3	nm0099105	writer	play	null
tt0000464	4	nm0410331	writer	story	null
tt0000465	1	nm0617588	actor	null	['Prince Bel-Azor']
tt0000465	2	nm9473330	actress	null	['Princess Azurine']
tt0000465	3	nm0076933	actress	null	['Aurora']
tt0000465	4	nm0214243	actor	null	['Role']
tt0000465	5	nm1340310	writer	story 'La Biche au bois'	null
tt0000465	6	nm0243651	actor	null	['Extra']
tt0000466	1	nm0349785	director	null	null
tt0000467	1	nm0349785	director	null	null
tt0000468	1	nm0349785	director	null	null
tt0000469	1	nm0808310	director	null	null
tt0000470	1	nm0349785	director	null	null
tt0000471	1	nm0692105	director	null	null
tt0000471	2	nm0832952	writer	novel 'Uncle Tom's Cabin'	null
tt0000472	1	nm10342565	actor	null	['Arthur Shelby']
tt0000472	2	nm0002615	actor	null	['Simon Legree']
tt0000472	3	nm0832952	writer	novel 'Uncle Tom's Cabin'	null
tt0000473	1	nm0349785	director	null	null
tt0000474	1	nm0349785	director	null	null
tt0000475	1	nm3345408	actor	null	null
tt0000475	2	nm0095816	director	null	null
tt0000475	3	nm0666972	producer	producer	null
tt0000476	1	nm0349785	director	null	null
tt0000477	1	nm5121267	actor	null	null
tt0000477	2	nm5121475	actor	null	null
tt0000477	3	nm1597962	actor	null	null
tt0000477	4	nm0349785	director	null	null
tt0000478	1	nm0172118	director	null	null
tt0000479	1	nm0666972	director	null	null
tt0000480	1	nm0617588	actor	null	null
tt0000481	1	nm0666972	producer	producer	null
tt0000482	1	nm0349785	director	null	null
tt0000483	1	nm0349785	director	null	null
tt0000484	1	nm0349785	director	null	null
tt0000485	1	nm0349785	director	null	null
tt0000486	1	nm0659947	actor	null	['Monsieur Beaucaire']
tt0000486	2	nm1173635	actor	null	null
tt0000486	3	nm0069325	actress	null	null
tt0000486	4	nm0085865	actor	null	null
tt0000486	5	nm0850483	writer	novel	null
tt0000486	6	nm0085870	actress	null	null
tt0000487	1	nm0523316	actress	null	['Little Girl (Telegrapher's daughter)']
tt0000487	2	nm0002615	director	null	null
tt0000487	3	nm0292418	cinematographer	null	null
tt0000488	10	nm0177886	actor	null	['The Minister']
tt0000488	1	nm0298300	actor	null	['Joe, the Newsboy']
tt0000488	2	nm0065035	actress	null	['Joe's Grandmother']
tt0000488	3	nm0250480	actor	null	['Manager of the Fresh Air Fund']
tt0000488	4	nm0422465	actress	null	['Committee Woman']
tt0000488	5	nm0789748	director	null	null
tt0000488	6	nm0794919	writer	null	null
tt0000488	7	nm0588295	actress	null	['Committee Woman']
tt0000488	8	nm1096358	actress	null	['Committee Woman']
tt0000488	9	nm0259860	actress	null	['Committee Woman']
tt0000489	1	nm0349785	director	null	null
tt0000490	1	nm0349785	director	null	null
tt0000491	1	nm0005658	cinematographer	null	null
tt0000492	1	nm0567363	director	null	null
tt0000492	2	nm0005658	cinematographer	null	null
tt0000493	1	nm0349785	director	null	null
tt0000494	1	nm0349785	director	null	null
tt0000495	1	nm0954087	director	null	null
tt0000495	2	nm0159015	cinematographer	null	null
tt0000496	1	nm0007625	cinematographer	null	null
tt0000496	2	nm0692105	cinematographer	null	null
tt0000498	1	nm1012587	actor	null	['Rover the dog']
tt0000498	2	nm0164281	actress	null	['Nursemaid']
tt0000498	3	nm0378407	actress	null	['The baby']
tt0000498	4	nm0378408	actor	null	['Harassed father']
tt0000498	5	nm0280432	director	null	null
tt0000498	6	nm1539443	writer	story	null
tt0000498	7	nm1428608	actress	null	['Gypsy woman']
tt0000498	8	nm0809910	actor	null	['Soldier']
tt0000499	1	nm0617588	actor	null	['Mabouloff']
tt0000499	2	nm0016317	actress	null	['Madame Latrouille']
tt0000499	3	nm0194945	actress	null	['Villager at seaport']
tt0000499	4	nm8706003	actress	null	['Nurse in Swiss hospital']
tt0000499	5	nm0894523	writer	play 'Le Voyage a travers l'Impossible'	null
tt0000499	6	nm0257866	writer	play 'Le Voyage a travers l'Impossible'	null
tt0000500	1	nm0005658	cinematographer	null	null
tt0000501	1	nm0001908	actor	null	['Sherlock Holmes']
tt0000501	2	nm1173635	actor	null	['John H. Watson, M.D.']
tt0000501	3	nm0659947	actor	null	['Bandit']
tt0000501	4	nm0792727	actor	null	['Bandit']
tt0000501	5	nm0085865	director	null	null
tt0000501	6	nm0236279	writer	story	null
tt0000501	7	nm0509478	writer	scenario	null
tt0000502	1	nm0215752	actor	null	null
tt0000502	2	nm0252720	actor	null	null
tt0000502	3	nm0063413	director	null	null
tt0000502	4	nm0657268	writer	null	null
tt0000502	5	nm0675388	writer	null	null
tt0000503	1	nm0185426	director	null	null
tt0000504	1	nm0185426	director	null	null
tt0000505	1	nm0214243	actor	null	null
tt0000505	2	nm0340020	actor	null	null
tt0000505	3	nm0537222	actor	null	null
tt0000505	4	nm0097918	actor	null	null
tt0000505	5	nm1563072	director	null	null
tt0000505	6	nm0381874	director	null	null
tt0000506	1	nm0353576	director	null	null
tt0000507	1	nm0005658	cinematographer	null	null
tt0000508	1	nm0185426	director	null	null
tt0000509	1	nm0214243	actor	null	null
tt0000509	2	nm1563072	director	null	null
tt0000509	3	nm0381874	writer	null	null
tt0000509	4	nm0159015	cinematographer	null	null
tt0000510	1	nm0063413	director	null	null
tt0000511	1	nm0065393	actress	null	['Esmeralda']
tt0000511	2	nm0903455	actor	null	['Quasimodo']
tt0000511	3	nm0349785	director	null	null
tt0000511	4	nm0419327	director	co-director	null
tt0000511	5	nm0401076	writer	novel 'Notre Dame de Paris'	null
tt0000511	6	nm0094975	cinematographer	null	null
tt0000511	7	nm0579494	production_designer	null	null
tt0000512	1	nm0005658	cinematographer	null	null
tt0000513	1	nm0185426	director	null	null
tt0000514	1	nm0016071	actor	null	null
tt0000514	2	nm0602663	actor	null	null
tt0000514	3	nm0661362	actor	null	null
tt0000514	4	nm0684029	actor	null	null
tt0000514	5	nm0005717	director	null	null
tt0000514	6	nm0722712	actor	null	null
tt0000514	7	nm0813578	actor	null	null
tt0000514	8	nm0896066	actor	null	null
tt0000514	9	nm0899837	actress	null	null
tt0000515	1	nm0159015	director	null	null
tt0000516	1	nm0159015	actor	null	['Bertrand']
tt0000516	2	nm0558863	actress	null	['Laure']
tt0000517	1	nm0063413	director	null	null
tt0000518	1	nm0140054	actor	null	null
tt0000518	2	nm0159015	writer	null	null
tt0000519	1	nm1671089	actress	null	['The Kleptomaniac, Mrs. Banker']
tt0000519	2	nm1670497	actor	null	['Store Detective']
tt0000519	3	nm1215402	actress	null	['Female Detective']
tt0000519	4	nm1670913	actor	null	['Superintendant, Department Store']
tt0000519	5	nm0692105	director	null	null
tt0000519	6	nm0250983	actress	null	['The Thief']
tt0000519	7	nm0728289	actor	null	['Police Court Judge']
tt0000519	8	nm0183817	actress	null	['Justice']
tt0000520	1	nm0353575	actor	null	['Charles Peace']
tt0000520	2	nm2329855	actress	null	['Mrs. Dyson']
tt0000520	3	nm2326707	actress	null	['Peace's Accomplice']
tt0000520	4	nm2331275	actor	null	['Dyson']
tt0000520	5	nm0353576	director	null	null
tt0000520	6	nm2329944	actor	null	['First Policeman']
tt0000520	7	nm2485827	actor	null	['Second Policeman']
tt0000520	8	nm4749111	actor	null	['Third Policeman']
tt0000520	9	nm2332493	actress	null	['Peace's Mother']
tt0000521	1	nm0692105	director	null	null
tt0000522	1	nm0005658	cinematographer	null	null
tt0000523	1	nm0005658	cinematographer	null	null
tt0000524	1	nm0005658	director	null	null
tt0000524	2	nm13890136	composer	null	null
tt0000525	1	nm0358349	actor	null	['Joe - le cow-boy']
tt0000525	2	nm0595321	actor	null	null
tt0000525	3	nm0196787	actress	null	null
tt0000525	4	nm0719480	actor	null	null
tt0000525	5	nm0243796	director	null	null
tt0000525	6	nm0357890	actor	null	null
tt0000525	7	nm0014656	actor	null	null
tt0000526	1	nm0005658	cinematographer	null	null
tt0000527	1	nm0185426	director	null	null
tt0000528	1	nm0792727	actor	null	['Raffles']
tt0000528	2	nm0085870	actress	null	null
tt0000528	3	nm0001908	director	null	null
tt0000528	4	nm0696078	writer	play 'Raffles, the Amateur Cracksman'	null
tt0000528	5	nm0395216	writer	novel	null
tt0000528	6	nm0734207	producer	producer	null
tt0000528	7	nm0807235	cinematographer	null	null
tt0000529	1	nm0005658	cinematographer	null	null
tt0000530	1	nm0159015	director	null	null
tt0000531	1	nm0140054	actor	null	null
tt0000531	2	nm0159015	director	null	null
tt0000532	1	nm0185426	director	null	null
tt0000533	1	nm0783152	producer	producer	null
tt0000534	1	nm0095816	director	null	null
tt0000534	2	nm0666972	producer	producer	null
tt0000535	1	nm0422149	actress	null	['Anarkistens kone']
tt0000535	2	nm0488932	actor	null	['Anarkisten']
tt0000535	3	nm0333175	cinematographer	null	null
tt0000535	4	nm0470250	production_designer	null	null
tt0000536	1	nm0691995	actress	null	null
tt0000536	2	nm0691996	actress	null	null
tt0000536	3	nm6758605	director	null	null
tt0000536	4	nm0582268	director	null	null
tt0000537	1	nm0005658	cinematographer	null	null
tt0000538	1	nm0005717	director	null	null
tt0000539	1	nm0647763	director	null	null
tt0000541	1	nm0422149	actress	null	null
tt0000541	2	nm0023121	actor	null	null
tt0000541	3	nm0676941	actor	null	null
tt0000541	4	nm0488932	actor	null	null
tt0000541	5	nm0630737	writer	null	null
tt0000541	6	nm0084830	cinematographer	null	null
tt0000542	1	nm0261789	actress	null	null
tt0000542	2	nm0602663	actor	null	null
tt0000542	3	nm0896066	actor	null	null
tt0000542	4	nm1050849	actor	null	null
tt0000542	5	nm0005717	director	null	null
tt0000543	1	nm0647763	director	null	null
tt0000543	2	nm0084830	cinematographer	null	null
tt0000543	3	nm0333175	cinematographer	null	null
tt0000544	1	nm1210247	director	null	null
tt0000544	2	nm0666972	producer	producer	null
tt0000545	1	nm0005658	cinematographer	null	null
tt0000546	1	nm0106151	actor	null	['The Rarebit Fiend']
tt0000546	2	nm0567363	director	null	null
tt0000546	3	nm0692105	director	null	null
tt0000546	4	nm0565560	writer	comic strip	null
tt0000547	1	nm0005717	director	null	null
tt0000548	1	nm0488932	actor	null	['Fisker']
tt0000548	2	nm0422149	actress	null	['hans Kone']
tt0000548	3	nm0526168	actor	null	null
tt0000548	4	nm0647763	writer	null	null
tt0000548	5	nm0333175	cinematographer	null	null
tt0000549	1	nm0676941	actor	null	['Petersen']
tt0000549	2	nm0488932	director	null	null
tt0000549	3	nm0333175	cinematographer	null	null
tt0000550	1	nm0454375	self	null	['Self - King of Denmark']
tt0000550	2	nm1678676	self	null	['Self']
tt0000550	3	nm0647763	director	null	null
tt0000550	4	nm0084830	cinematographer	null	null
tt0000552	1	nm0095816	director	null	null
tt0000552	2	nm0666972	producer	producer	null
tt0000553	1	nm0659947	actor	null	null
tt0000553	2	nm0710362	actor	null	null
tt0000553	3	nm0085865	director	null	null
tt0000554	1	nm0085865	actor	null	['Cartoonist']
tt0000555	1	nm0421454	actress	null	['Pigen']
tt0000555	2	nm0488932	actor	null	['Den unge mand']
tt0000555	3	nm0526168	actor	null	['Pigens far']
tt0000555	4	nm0630737	writer	null	null
tt0000555	5	nm0333175	cinematographer	null	null
tt0000555	6	nm0470250	production_designer	null	null
tt0000556	1	nm0422149	actress	null	['Young Lady']
tt0000556	2	nm0488932	actor	null	['Boyfriend']
