titleId	ordering	title	region	language	types	attributes	isOriginalTitle
tt0000001	1	Карменсіта	UA	null	imdbDisplay	null	0
tt0000001	2	Carmencita	DE	null	null	literal title	0
tt0000001	3	Carmencita - spanyol tánc	HU	null	imdbDisplay	null	0
tt0000001	4	Καρμενσίτα	GR	null	imdbDisplay	null	0
tt0000001	5	Карменсита	RU	null	imdbDisplay	null	0
tt0000001	6	Carmencita	US	null	imdbDisplay	null	0
tt0000001	7	Carmencita	null	null	original	null	1
tt0000001	8	カルメンチータ	JP	ja	imdbDisplay	null	0
tt0000002	1	Le clown et ses chiens	null	null	original	null	1
tt0000002	2	Le clown et ses chiens	FR	null	imdbDisplay	null	0
tt0000002	3	A bohóc és kutyái	HU	null	imdbDisplay	null	0
tt0000002	4	Der Clown und seine Hunde	DE	null	null	literal title	0
tt0000002	5	Clovnul si cainii sai	RO	null	imdbDisplay	null	0
tt0000002	6	Клоун и его собаки	RU	null	imdbDisplay	null	0
tt0000002	7	The Clown and His Dogs	US	null	null	literal English title	0
tt0000002	8	道化師と犬	JP	ja	imdbDisplay	null	0
tt0000003	1	Sarmanul Pierrot	RO	null	imdbDisplay	null	0
tt0000003	2	Szegény Pierrot	HU	null	imdbDisplay	null	0
tt0000003	3	哀れなピエロ	JP	ja	imdbDisplay	null	0
tt0000003	4	Бідний П'єро	UA	null	imdbDisplay	null	0
tt0000003	5	Бедный Пьеро	RU	null	imdbDisplay	null	0
tt0000003	6	Pauvre Pierrot	null	null	original	null	1
tt0000003	7	Poor Pierrot	GB	null	imdbDisplay	null	0
tt0000003	8	Pauvre Pierrot	FR	null	imdbDisplay	null	0
tt0000003	9	Armer Pierrot	DE	null	null	literal title	0
tt0000004	1	Un bon bock	null	null	original	null	1
tt0000004	2	Un bon bock	FR	null	imdbDisplay	null	0
tt0000004	3	Ein gutes Glas Bier	DE	null	null	literal title	0
tt0000004	4	Un ţap de bere	RO	null	imdbDisplay	null	0
tt0000004	5	Полная кружка пива	RU	null	imdbDisplay	null	0
tt0000004	6	一杯のビール	JP	ja	imdbDisplay	null	0
tt0000004	7	A Good Beer	null	null	null	null	0
tt0000004	8	Egy jó pohár sör	HU	null	imdbDisplay	null	0
tt0000005	10	Blacksmith Scene	US	null	imdbDisplay	null	0
tt0000005	11	Blacksmith Scene	null	null	original	null	1
tt0000005	12	The Blacksmith's Forge	GB	null	null	informal alternative title	0
tt0000005	1	Blacksmithing Scene	US	null	alternative	null	0
tt0000005	2	Ковальська сцена	UA	null	imdbDisplay	null	0
tt0000005	3	Сцена в кузне	RU	null	imdbDisplay	null	0
tt0000005	4	Blacksmith Scene	CA	en	imdbDisplay	null	0
tt0000005	5	Blacksmith Shop	GB	null	null	informal alternative title	0
tt0000005	6	Blacksmith Scene #1	US	null	alternative	null	0
tt0000005	7	Blacksmithing	US	null	null	informal alternative title	0
tt0000005	8	Schmiedszene	DE	null	null	literal title	0
tt0000005	9	A patkolókovács	HU	null	imdbDisplay	null	0
tt0000006	1	Китайский опиумный притон	RU	null	imdbDisplay	null	0
tt0000006	2	Chinezes Fumadores de Ópio	PT	null	null	promotional title	0
tt0000006	3	Chinese Opium Den	US	null	imdbDisplay	null	0
tt0000006	4	Kínai ópiumbarlang	HU	null	imdbDisplay	null	0
tt0000006	5	Chinese Opium Den	null	null	original	null	1
tt0000006	6	Chinesische Opiumhöhle	DE	null	null	literal title	0
tt0000007	1	Corbett and Courtney Before the Kinetograph	US	null	imdbDisplay	null	0
tt0000007	2	Corbett and Courtney Before the Kinetograph	null	null	original	null	1
tt0000007	3	A Corbett-Courtney bokszmeccs	HU	null	imdbDisplay	null	0
tt0000007	4	キネトグラフの前のコーベットとコートニー	JP	ja	imdbDisplay	null	0
tt0000007	5	The Corbett-Courtney Fight	US	null	alternative	null	0
tt0000007	6	Jim Corbett vs. Peter Courtney	US	null	alternative	null	0
tt0000007	7	Edison Kinetoscopic Record of Boxers	null	null	null	null	0
tt0000007	8	Корбетт и Кортни перед кинематографом	RU	null	imdbDisplay	null	0
tt0000007	9	Corbett und Courtney vor dem Kinetographen	DE	null	null	literal title	0
tt0000008	10	Fred Ott's Sneeze	null	null	null	null	0
tt0000008	11	Edison kinetoskopische Aufnahme eines Niesens	DE	null	null	literal title	0
tt0000008	1	Edison asszisztense tüsszent	HU	null	imdbDisplay	null	0
tt0000008	2	フレッド・オット－のくしゃみ	JP	ja	imdbDisplay	null	0
tt0000008	3	Edison Kinetoscopic Record of a Sneeze, January 7, 1894	US	null	null	complete title	0
tt0000008	4	Edison Kinetoscopic Record of a Sneeze	US	null	imdbDisplay	null	0
tt0000008	5	Edison Kinetoscopic Record of a Sneeze	null	null	original	null	1
tt0000008	6	Fred Otts Niesen	DE	null	null	literal title	0
tt0000008	7	Чих, записанный на кинетоскоп Эдисона	RU	null	imdbDisplay	null	0
tt0000008	8	The Films of Thomas A Edison presented by Raymond Rohauer	US	null	null	reissue title	0
tt0000008	9	Чхання Фреда Отта	UA	null	imdbDisplay	null	0
tt0000009	1	Miss Jerry	null	null	original	null	1
tt0000009	2	Miss Jerry	AU	null	imdbDisplay	null	0
tt0000009	3	Fräulein Jerry	DE	null	null	literal title	0
tt0000009	4	Miss Jerry	HU	null	imdbDisplay	null	0
tt0000009	5	Miss Jerry	US	null	imdbDisplay	null	0
tt0000010	10	Вихід робітників із фабрики	UA	null	imdbDisplay	null	0
tt0000010	11	La salida de la fábrica Lumière en Lyon	ES	null	imdbDisplay	null	0
tt0000010	12	Työntekijät poistuvat Lumière-tehtaalta	FI	null	null	informal title	0
tt0000010	13	A munkaidő vége	HU	null	imdbDisplay	null	0
tt0000010	14	Wyjście robotników z fabryki	PL	null	imdbDisplay	null	0
tt0000010	15	Lumière-fabrikens arbetare	FI	sv	null	informal title	0
tt0000010	16	Exiting the Factory	US	null	imdbDisplay	null	0
tt0000010	17	La sortie de l'usine Lumière	FR	null	alternative	null	0
tt0000010	18	La sortie de l'usine Lumière à Lyon	null	null	original	null	1
tt0000010	19	La sortie des usines Lumière	FR	null	alternative	null	0
tt0000010	1	La salida de los obreros de la fábrica Lumière	AR	null	null	null	0
tt0000010	20	Радници напуштају фабрику Лимијер	RS	null	imdbDisplay	null	0
tt0000010	21	Leaving the Factory	US	null	imdbDisplay	null	0
tt0000010	22	Salida de obreros de la fábrica Lumiere	UY	null	null	premiere title	0
tt0000010	23	La sortie des ouvriers de l'usine Lumière	FR	null	null	informal alternative title	0
tt0000010	24	L'uscita dalle fabbriche Lumière	IT	null	imdbDisplay	null	0
tt0000010	25	Выход рабочих с фабрики 'Люмьер'	RU	null	imdbDisplay	null	0
tt0000010	2	A Saída dos Operários da Fábrica Lumière	BR	null	null	null	0
tt0000010	3	Employees Leaving the Lumière Factory	US	null	alternative	null	0
tt0000010	4	Sortie d'usine	FR	null	null	short title	0
tt0000010	5	La sortie de l'usine Lumière à Lyon	FR	null	imdbDisplay	null	0
tt0000010	6	La sortie de l'usine Lumière à Lyon	CA	en	imdbDisplay	null	0
tt0000010	7	Arbeiter verlassen die Lumière-Werke	DE	null	imdbDisplay	null	0
tt0000010	8	Workers Leaving the Lumière Factory	US	null	imdbDisplay	null	0
tt0000010	9	工場の出口	JP	ja	imdbDisplay	null	0
tt0000011	1	Akrobatisches Potpourri	DE	null	imdbDisplay	null	0
tt0000011	2	Akrobatisches Potpourri	null	null	original	null	1
tt0000011	3	Акробатическая смесь	RU	null	imdbDisplay	null	0
tt0000012	10	Juna saapuu asemalle	FI	null	null	informal title	0
tt0000012	11	Ankunft eines Zuges in La Ciotat	DE	null	imdbDisplay	null	0
tt0000012	12	A vonat érkezése	HU	null	imdbDisplay	null	0
tt0000012	13	Прибытие поезда на вокзал города Ла-Сьота	RU	null	imdbDisplay	null	0
tt0000012	14	Toget kører ind på Le Ciotat	DK	null	null	null	0
tt0000012	15	Bir trenin La Ciotat garına varışı	TR	tr	imdbDisplay	null	0
tt0000012	16	The Arrival of a Train	GB	null	imdbDisplay	null	0
tt0000012	17	Train Pulling into a Station	GB	null	alternative	null	0
tt0000012	18	L'arrivée d'un train à La Ciotat	FR	null	imdbDisplay	null	0
tt0000012	19	L'arrivo di un treno nella stazione di La Ciotat	IT	null	null	null	0
tt0000012	1	The Arrival of a Train	US	null	imdbDisplay	null	0
tt0000012	20	L'arrivée d'un train en gare de La Ciotat	FR	null	alternative	null	0
tt0000012	21	Przyjazd pociągu na stację	PL	null	imdbDisplay	null	0
tt0000012	22	The Arrival of a Train	XWW	en	imdbDisplay	null	0
tt0000012	23	La llegada de un tren a la estación de La Ciotat	ES	null	imdbDisplay	null	0
tt0000012	24	L'arrivée d'un train à La Ciotat	CA	en	imdbDisplay	null	0
tt0000012	25	ラ・シオタ駅への列車の到着	JP	ja	imdbDisplay	null	0
tt0000012	26	Прибуття потяга на вокзал Ла-Сьота	UA	null	imdbDisplay	null	0
tt0000012	27	The Arrival of a Train	XEU	en	imdbDisplay	null	0
tt0000012	28	L'arrivo di un treno alla stazione di La Ciotat	IT	null	null	null	0
tt0000012	2	The Arrival of a Train	XWW	null	imdbDisplay	null	0
tt0000012	3	The Arrival of the Mail Train	US	null	alternative	null	0
tt0000012	4	L'arrivée d'un train à La Ciotat	null	null	original	null	1
tt0000012	5	Príchod vlaku do stanice La Ciotat	SK	null	imdbDisplay	null	0
tt0000012	6	Долазак воза на станицу	RS	null	imdbDisplay	null	0
tt0000012	7	A Chegada de um Trem à Estação	BR	null	imdbDisplay	null	0
tt0000012	8	Tåget anländer till stationen	FI	sv	null	informal title	0
tt0000012	9	The Arrival of a Train at La Ciotat	XWW	en	alternative	null	0
tt0000013	10	A kongresszus tagjainak partraszállása	HU	null	imdbDisplay	null	0
tt0000013	11	The Photographical Congress Arrives in Lyon	XWW	en	imdbDisplay	null	0
tt0000013	12	Arrivée des congressistes à Neuville-sur-Saône	FR	null	alternative	null	0
tt0000013	13	Прибуття делегатів на фотоконгрес у Ліоні	UA	null	imdbDisplay	null	0
tt0000013	14	Fotografi napuštaju palubu u Lionu	RS	null	imdbDisplay	null	0
tt0000013	1	The Photographical Congress Arrives in Lyon	GB	null	imdbDisplay	null	0
tt0000013	2	El desembarco del congreso de fotografía en Lyon	ES	null	imdbDisplay	null	0
tt0000013	3	Le débarquement du congrès de photographie à Lyon	null	null	original	null	1
tt0000013	4	Le débarquement du congrès de photographie à Lyon	FR	null	imdbDisplay	null	0
tt0000013	5	Прибытие делегатов на фотоконгресс в Лионе	RU	null	imdbDisplay	null	0
tt0000013	6	Le débarquement des congressistes à Neuville	FR	null	alternative	null	0
tt0000013	7	The Photographical Congress Arrives in Lyon	US	null	imdbDisplay	null	0
tt0000013	8	Neuville-sur-Saône: Débarquement du congrès des photographes à Lyon	FR	null	imdbDisplay	null	0
tt0000013	9	Przybycie delegatów na kongres fotograficzny w Lyonie	PL	null	imdbDisplay	null	0
tt0000014	10	O Regador Regado	BR	null	imdbDisplay	null	0
tt0000014	11	The Sprayer Sprayed	US	null	alternative	null	0
tt0000014	12	L'arroseur arrosé	FR	null	imdbDisplay	null	0
tt0000014	13	L'arroseur arrosé	null	null	original	null	1
tt0000014	14	Заливена вода	RS	null	imdbDisplay	null	0
tt0000014	15	The Waterer Watered	US	null	imdbDisplay	null	0
tt0000014	16	Arroseur et arrosé	FR	null	alternative	null	0
tt0000014	17	Puutarhuri	FI	null	null	null	0
tt0000014	18	Pokropený kropic	CZ	null	imdbDisplay	null	0
tt0000014	19	Политий поливальник	UA	null	imdbDisplay	null	0
tt0000014	1	The Sprinkler Sprinkled	US	null	imdbDisplay	null	0
tt0000014	20	Der begossene Gärtner	DE	null	imdbDisplay	null	0
tt0000014	21	El regador regado	ES	null	imdbDisplay	null	0
tt0000014	22	Trädgårsmästarn	FI	sv	null	null	0
tt0000014	23	Le jardinier et le petit espiègle	FR	null	alternative	null	0
tt0000014	24	Политый поливальщик	RU	null	imdbDisplay	null	0
tt0000014	2	Tables Turned on the Gardener	US	null	alternative	null	0
tt0000014	3	Gartneren vandes	DK	null	null	null	0
tt0000014	4	A megöntözött öntöző	HU	null	imdbDisplay	null	0
tt0000014	5	Vattnaren bevattnad	SE	null	null	null	0
tt0000014	6	Le jardinier	FR	null	null	première title	0
tt0000014	7	Oblany ogrodnik	PL	null	null	null	0
tt0000014	8	L'innaffiatore annaffiato	IT	null	null	null	0
tt0000014	9	水をかけられた散水夫	JP	ja	imdbDisplay	null	0
tt0000015	1	Вoкруг кабинки	RU	null	imdbDisplay	null	0
tt0000015	2	Egy kabin körül	HU	null	imdbDisplay	null	0
tt0000015	3	Around a Bathing Hut	US	null	null	literal English title	0
tt0000015	4	Autour d'une cabine	FR	null	imdbDisplay	null	0
tt0000015	5	Autour d'une cabine	null	null	original	null	1
tt0000015	6	Навколо кабінки	UA	null	imdbDisplay	null	0
tt0000016	10	Båten lämnar hamnet	FI	sv	null	informal title	0
tt0000016	11	Łódź wypływająca z portu	PL	null	imdbDisplay	null	0
tt0000016	12	Brod napušta luku	RS	null	imdbDisplay	null	0
tt0000016	1	Boat Leaving the Port	XWW	en	imdbDisplay	null	0
tt0000016	2	La sortie du port	FR	null	alternative	null	0
tt0000016	3	Лодка выходит из порта	RU	null	imdbDisplay	null	0
tt0000016	4	Kikötőből távozó bárka	HU	null	imdbDisplay	null	0
tt0000016	5	Boat Leaving the Port	GB	null	imdbDisplay	null	0
tt0000016	6	Vene lähtee satamasta	FI	null	null	informal title	0
tt0000016	7	Barque sortant du port	FR	null	imdbDisplay	null	0
tt0000016	8	Boat Leaving the Port	US	null	imdbDisplay	null	0
tt0000016	9	Barque sortant du port	null	null	original	null	1
tt0000017	1	Italienischer Bauerntanz	null	null	original	null	1
tt0000017	2	Bauerntanz zweier Kinder	DE	null	null	bowdlerized title	0
tt0000017	3	Italienischer Bauerntanz	DE	null	imdbDisplay	null	0
tt0000017	4	Итальянский крестьянский танец	RU	null	imdbDisplay	null	0
tt0000018	1	Das boxende Känguruh	DE	null	imdbDisplay	null	0
tt0000018	2	Cangurul boxer	RO	null	imdbDisplay	null	0
tt0000018	3	Das boxende Känguruh	null	null	original	null	1
tt0000018	4	Бокс с кенгуру	RU	null	imdbDisplay	null	0
tt0000018	5	Mr. Delaware and the Boxing Kangaroo	GB	null	null	reissue title	0
tt0000019	1	The Clown Barber	GB	null	imdbDisplay	null	0
tt0000019	2	The Clown Barber	null	null	original	null	1
tt0000020	1	The Derby 1895	null	null	original	null	1
tt0000020	2	Дерби 1895	RU	null	imdbDisplay	null	0
tt0000020	3	The Derby 1895	GB	null	imdbDisplay	null	0
tt0000022	1	The Blacksmiths	US	null	null	literal English title	0
tt0000022	2	Kowale	PL	null	imdbDisplay	null	0
tt0000022	3	Кузнецы	RU	null	imdbDisplay	null	0
tt0000022	4	Los herreros	ES	null	imdbDisplay	null	0
tt0000022	5	Ковалі	UA	null	imdbDisplay	null	0
tt0000022	6	Les forgerons	FR	null	imdbDisplay	null	0
tt0000022	7	Blacksmith Scene	US	null	null	null	0
tt0000022	8	Les forgerons	null	null	original	null	1
tt0000022	9	Blacksmiths at Work	GB	null	null	informal English title	0
tt0000023	10	Море	RU	null	imdbDisplay	null	0
tt0000023	11	A Dip in the Sea	XWW	en	alternative	null	0
tt0000023	12	Meri	FI	null	null	informal title	0
tt0000023	13	La Mer	FR	null	alternative	null	0
tt0000023	14	Baño en el mar	ES	null	imdbDisplay	null	0
tt0000023	15	Kapiel w morzu	PL	null	imdbDisplay	null	0
tt0000023	16	Hafvet	FI	sv	null	null	0
tt0000023	1	Plivanje u moru	RS	null	imdbDisplay	null	0
tt0000023	2	Морське купання	UA	null	imdbDisplay	null	0
tt0000023	3	Sea Bathing	GB	null	null	informal title	0
tt0000023	4	The Sea	XWW	en	imdbDisplay	null	0
tt0000023	5	The Sea	US	null	imdbDisplay	null	0
tt0000023	6	The Sea	GB	null	imdbDisplay	null	0
tt0000023	7	Meri ihmeellisine kylpykuvauksineen	FI	null	null	null	0
tt0000023	8	Baignade en mer	null	null	original	null	1
tt0000023	9	Baignade en mer	FR	null	imdbDisplay	null	0
tt0000024	1	Opening of the Kiel Canal	null	null	original	null	1
tt0000024	2	Eroffnung des Nordostsee Kanals	DE	null	imdbDisplay	null	0
tt0000024	3	Inauguration of the Kiel Canal by Kaiser Wilhelm II	GB	null	alternative	null	0
tt0000024	4	A Kieli-csatorna megnyitása	HU	null	imdbDisplay	null	0
tt0000024	5	Opening of the Kiel Canal	GB	null	imdbDisplay	null	0
tt0000025	1	The Oxford and Cambridge University Boat Race	GB	null	imdbDisplay	null	0
tt0000025	2	The Oxford and Cambridge University Boat Race	null	null	original	null	1
tt0000026	10	Et spil kort	DK	null	null	null	0
tt0000026	11	Kortspelet	FI	sv	null	informal title	0
tt0000026	12	Партія в карти	UA	null	imdbDisplay	null	0
tt0000026	13	Ett parti ecarté	FI	sv	null	null	0
tt0000026	14	Партия в карты	RU	null	imdbDisplay	null	0
tt0000026	1	Partia kart	PL	null	imdbDisplay	null	0
tt0000026	2	Card Game	null	null	null	null	0
tt0000026	3	Korttipeli	FI	null	null	informal title	0
tt0000026	4	Game of Cards	GB	null	null	informal English title	0
tt0000026	5	The Messers. Lumière at Cards	US	null	null	null	0
tt0000026	6	Kártyaparti	HU	null	imdbDisplay	null	0
tt0000026	7	Ecarté peliä	FI	null	null	null	0
tt0000026	8	Partie d'écarté	null	null	original	null	1
tt0000026	9	Partie d'écarté	FR	null	null	alternative spelling	0
tt0000027	1	Площа Кордельє в Ліоні	UA	null	imdbDisplay	null	0
tt0000027	2	Cordeliers' Square in Lyon	GB	null	imdbDisplay	null	0
tt0000027	3	Cordeliers' Square in Lyon	US	null	imdbDisplay	null	0
tt0000027	4	Place des Cordeliers à Lyon	FR	null	imdbDisplay	null	0
tt0000027	5	Площадь Корделье в Лионе	RU	null	imdbDisplay	null	0
tt0000027	6	Place des Cordeliers à Lyon	null	null	original	null	1
tt0000027	7	Plaza de los Cordeliers en Lyon	ES	null	imdbDisplay	null	0
tt0000027	8	Cordeliers Square, Lyons, France	GB	null	null	informal English title	0
tt0000027	9	Cordeliers' Square in Lyon	XWW	en	imdbDisplay	null	0
tt0000028	1	A Pesca do Peixe Dourado	BR	null	imdbDisplay	null	0
tt0000028	2	La pêche aux poissons rouges	null	null	original	null	1
tt0000028	3	La pêche aux poissons rouges	FR	null	imdbDisplay	null	0
tt0000028	4	Виловлювання червоних рибок	UA	null	imdbDisplay	null	0
tt0000028	5	Fishing for Goldfish	XWW	en	imdbDisplay	null	0
tt0000028	6	Zabawa z rybka	PL	null	imdbDisplay	null	0
tt0000028	7	Fishing for Goldfish	GB	null	imdbDisplay	null	0
tt0000028	8	Вылaвливание красных рыбок	RU	null	imdbDisplay	null	0
tt0000028	9	Fishing for Goldfish	US	null	imdbDisplay	null	0
tt0000029	10	Repas de bébé	FR	null	imdbDisplay	null	0
tt0000029	11	Karmienie dziecka	PL	null	imdbDisplay	null	0
tt0000029	12	Repas de bébé	null	null	original	null	1
tt0000029	13	Repas de bébé	DE	null	imdbDisplay	null	0
tt0000029	14	Baby's Meal	GB	null	imdbDisplay	null	0
tt0000029	15	Le goûter de bébé	FR	null	alternative	null	0
tt0000029	16	La comida del bebé	ES	null	imdbDisplay	null	0
tt0000029	17	Сніданок немовляти	UA	null	imdbDisplay	null	0
tt0000029	18	Lapsen ateria	FI	null	null	informal title	0
tt0000029	19	Baby mades	DK	null	null	null	0
tt0000029	1	Baby's Dinner	US	null	null	null	0
tt0000029	20	A kisbaba reggelije	HU	null	imdbDisplay	null	0
tt0000029	21	La colazione del bimbo	IT	null	imdbDisplay	null	0
tt0000029	22	Вечера за бебу	RS	null	imdbDisplay	null	0
tt0000029	23	Barnets måltid	FI	sv	null	informal title	0
tt0000029	24	Baby's Lunch	US	null	null	original script title	0
tt0000029	2	Feeding the Baby	US	null	null	null	0
tt0000029	3	Le repas de bébé	NZ	en	festival	null	0
tt0000029	4	La comida del bebé	UY	null	null	premiere title	0
tt0000029	5	Le déjeuner de bébé	FR	null	alternative	null	0
tt0000029	6	Baby's Meal	XWW	en	imdbDisplay	null	0
tt0000029	7	O Almoço do Bebê	BR	null	imdbDisplay	null	0
tt0000029	8	Завтрак младенца	RU	null	imdbDisplay	null	0
tt0000029	9	Baby's Meal	US	null	imdbDisplay	null	0
tt0000030	1	Бушующее море, вызвавшее наводнение в Дувре	RU	null	imdbDisplay	null	0
tt0000030	2	Rough Sea at Dover	null	null	original	null	1
tt0000030	3	A hullámzó tenger Dovernél	HU	null	imdbDisplay	null	0
tt0000030	4	Sea Waves at Dover	GB	null	alternative	null	0
tt0000030	5	Rough Sea at Dover	GB	null	imdbDisplay	null	0
tt0000030	6	A South-West Storm in Dover	GB	null	alternative	null	0
tt0000030	7	A South-Wester	GB	null	alternative	null	0
tt0000031	10	Le saut à la couverture	FR	null	imdbDisplay	null	0
tt0000031	11	Jumping the Blanket	GB	null	imdbDisplay	null	0
tt0000031	1	Sotilaskuva	FI	null	null	null	0
tt0000031	2	Jumping the Blanket	XWW	en	imdbDisplay	null	0
tt0000031	3	En soldatscen	FI	sv	null	null	0
tt0000031	4	Прыжок на брезент	RU	null	imdbDisplay	null	0
tt0000031	5	Saut à la couverture	FR	null	null	reissue title	0
tt0000031	6	Brimade dans une caserne	FR	null	alternative	null	0
tt0000031	7	Jumping the Blanket	US	null	imdbDisplay	null	0
tt0000031	8	Стрибок через брезент	UA	null	imdbDisplay	null	0
tt0000031	9	Le saut à la couverture	null	null	original	null	1
tt0000032	1	Dans serpentin	RO	null	imdbDisplay	null	0
tt0000032	2	Serpentinen Tanz	DE	null	alternative	null	0
tt0000032	3	Die Serpentintänzerin	null	null	original	null	1
tt0000032	4	Serpentintanz Mlle. Ancion	DE	null	null	null	0
tt0000032	5	Серпантин	RU	null	imdbDisplay	null	0
tt0000033	10	Trick Riding	US	null	null	null	0
tt0000033	11	Вольтижування	UA	null	imdbDisplay	null	0
tt0000033	1	A Acrobacia	BR	null	imdbDisplay	null	0
tt0000033	2	Horse Trick Riders	GB	null	imdbDisplay	null	0
tt0000033	3	Hyppyjä	FI	null	null	null	0
tt0000033	4	Horse Trick Riders	XWW	en	imdbDisplay	null	0
tt0000033	5	Horse Riders	XWW	en	alternative	null	0
tt0000033	6	La voltige	null	null	original	null	1
tt0000033	7	Вoльтижировка	RU	null	imdbDisplay	null	0
tt0000033	8	Horse Trick Riders	US	null	imdbDisplay	null	0
tt0000033	9	La voltige	FR	null	imdbDisplay	null	0
tt0000034	1	Arrivée d'un train gare de Vincennes	null	null	original	null	1
tt0000034	2	Прибытие поезда на станцию в Венсене	RU	null	imdbDisplay	null	0
tt0000034	3	Arrivée d'un train gare de Vincennes	FR	null	imdbDisplay	null	0
tt0000034	4	Arrival of a Train at Vincennes Station	XWW	en	alternative	null	0
tt0000035	1	Поливальщик	RU	null	imdbDisplay	null	0
tt0000035	2	L'arroseur	FR	null	imdbDisplay	null	0
tt0000035	3	L'arroseur	null	null	original	null	1
tt0000035	4	The Sprinkler Sprinkled	XWW	en	alternative	null	0
tt0000035	5	Watering the Flowers	US	null	null	null	0
tt0000036	1	Awakening of Rip	US	null	imdbDisplay	null	0
tt0000036	2	Awakening of Rip	null	null	original	null	1
tt0000036	3	Пробуждение Рипа	RU	null	imdbDisplay	null	0
tt0000037	1	Морское купание	RU	null	imdbDisplay	null	0
tt0000037	2	Sea Bathing	US	null	imdbDisplay	null	0
tt0000037	3	Baignade en mer	null	null	original	null	1
tt0000037	4	Baignade en mer	FR	null	imdbDisplay	null	0
tt0000038	1	The Ball Game	null	null	original	null	1
tt0000038	2	The Ball Game	US	null	imdbDisplay	null	0
tt0000039	1	Barnet Horse Fair	null	null	original	null	1
tt0000039	2	Barnet Horse Fair	GB	null	imdbDisplay	null	0
tt0000040	1	Boat Leaving the Harbor at Trouville	US	null	null	literal English title	0
tt0000040	2	Barque sortant du port de Trouville	FR	null	imdbDisplay	null	0
tt0000040	3	Barque sortant du port de Trouville	null	null	original	null	1
tt0000041	10	Snowball Fight	GB	null	imdbDisplay	null	0
tt0000041	1	Snowball Fight	US	null	null	informal English title	0
tt0000041	2	Bataille de neige	null	null	original	null	1
tt0000041	3	A Batalha de Neve	BR	null	imdbDisplay	null	0
tt0000041	4	Игра в снежки	RU	null	imdbDisplay	null	0
tt0000041	5	Гра в сніжки	UA	null	imdbDisplay	null	0
tt0000041	6	Bataille de boules de neige	FR	null	imdbDisplay	null	0
tt0000041	7	Hógolyó csata	HU	null	imdbDisplay	null	0
tt0000041	8	Die Schneeballschlacht	DE	null	imdbDisplay	null	0
tt0000041	9	Bitwa na sniezki	PL	null	imdbDisplay	null	0
tt0000042	1	Seine nehrindeki gemiler	TR	tr	null	null	0
tt0000042	2	Bateau-mouche sur la Seine	null	null	original	null	1
tt0000042	3	Bateau-mouche sur la Seine	FR	null	imdbDisplay	null	0
tt0000043	1	Batteuse à vapeur	null	null	original	null	1
tt0000043	2	Batteuse à vapeur	FR	null	imdbDisplay	null	0
tt0000044	1	Le bivouac	null	null	original	null	1
tt0000044	2	Le bivouac	FR	null	imdbDisplay	null	0
tt0000045	1	Les blanchisseuses	null	null	original	null	1
tt0000045	2	Les blanchisseuses	FR	null	imdbDisplay	null	0
tt0000045	3	Mosónők	HU	null	imdbDisplay	null	0
tt0000045	4	The Washerwomen	US	null	null	literal English title	0
tt0000046	1	Bois de Boulogne	FR	null	imdbDisplay	null	0
tt0000046	2	Булонский лес	RU	null	imdbDisplay	null	0
tt0000046	3	Bois de Boulogne	null	null	original	null	1
tt0000046	4	Bois de Boulogne (Porte de Madrid)	FR	null	alternative	null	0
tt0000047	1	Boulevard des Italiens	null	null	original	null	1
tt0000047	2	Boulevard des Italiens	FR	null	imdbDisplay	null	0
tt0000047	3	Итальянский бульвар	RU	null	imdbDisplay	null	0
tt0000048	1	The Boxing Kangaroo	US	null	imdbDisplay	null	0
tt0000048	2	Боксирующий кенгуру	RU	null	imdbDisplay	null	0
tt0000048	3	The Boxing Kangaroo	GB	null	imdbDisplay	null	0
tt0000048	4	The Boxing Kangaroo	null	null	original	null	1
tt0000049	1	Boxing Match; or, Glove Contest	null	null	original	null	1
tt0000049	2	Boxing Match; or, Glove Contest	GB	null	imdbDisplay	null	0
tt0000050	1	Bébé et fillettes	null	null	original	null	1
tt0000050	2	Bébé et fillettes	FR	null	imdbDisplay	null	0
tt0000050	3	Baby and Young Girls	US	null	null	literal English title	0
tt0000051	1	The Bohemian Encampment	US	null	null	null	0
tt0000051	2	Gypsies at Home	US	null	null	literal English title	0
tt0000051	3	El campamento bohemio	XWW	es	null	null	0
tt0000051	4	Campement de bohémiens	FR	null	imdbDisplay	null	0
tt0000051	5	Campement de bohémiens	null	null	original	null	1
tt0000052	1	Carga de rurales	MX	null	imdbDisplay	null	0
tt0000052	2	Carga de rurales	null	null	original	null	1
tt0000052	3	Rurales Mexicanos al galope	MX	null	null	alternative spelling	0
tt0000052	4	Verpflichtung der Landpolizei	DE	null	null	null	0
tt0000052	5	Desfile de rurales al galope el 16 de septiembre	null	null	null	null	0
tt0000053	1	A Chegada do Comboio Inaugural à Estação Central do Porto	PT	null	imdbDisplay	null	0
tt0000053	2	A Chegada do Comboio Inaugural à Estação Central do Porto	null	null	original	null	1
tt0000054	1	A Merry-Go-Round	US	null	null	null	0
tt0000054	2	Les chevaux de bois	null	null	original	null	1
tt0000054	3	Les chevaux de bois	FR	null	imdbDisplay	null	0
tt0000055	1	Старьёвщик	RU	null	imdbDisplay	null	0
tt0000055	2	Le chiffonnier	null	null	original	null	1
tt0000055	3	Le chiffonnier	FR	null	imdbDisplay	null	0
tt0000056	1	Uma Corrida de Touros no Campo Pequeno	null	null	original	null	1
tt0000056	2	Uma Corrida de Touros no Campo Pequeno	GB	null	imdbDisplay	null	0
tt0000057	1	Cortège de tzar allant à Versailles	null	null	original	null	1
tt0000057	2	Cortège de tzar allant à Versailles	FR	null	imdbDisplay	null	0
tt0000057	3	The Czar and His Cortege Going to Versailles	GB	null	imdbDisplay	null	0
tt0000058	1	The Czar's Cortege in the Bois de Boulogne	GB	null	imdbDisplay	null	0
tt0000058	2	Cortège de tzar au Bois de Boulogne	null	null	original	null	1
tt0000058	3	Cortège de tzar au Bois de Boulogne	FR	null	imdbDisplay	null	0
tt0000059	1	Coronation of a Village Maiden	US	null	null	null	0
tt0000059	2	Couronnement de la rosière	null	null	original	null	1
tt0000059	3	Couronnement de la rosière	FR	null	imdbDisplay	null	0
tt0000060	1	Dancing Darkies	null	null	original	null	1
tt0000060	2	Dancing Darkies	US	null	imdbDisplay	null	0
tt0000061	1	Dancing Girls	GB	null	imdbDisplay	null	0
tt0000061	2	Dancing Girls	null	null	original	null	1
tt0000062	1	Danse serpentine	null	null	original	null	1
tt0000062	2	Danse serpentine	FR	null	imdbDisplay	null	0
tt0000063	1	Dessinateur express	null	null	original	null	1
tt0000063	2	Dessinateur express (M. Thiers)	FR	null	alternative	null	0
tt0000063	3	Dessinateur express	FR	null	imdbDisplay	null	0
tt0000064	1	Dessinateur: Chamberlain	null	null	original	null	1
tt0000064	2	Dessinateur: Chamberlain	FR	null	imdbDisplay	null	0
tt0000065	1	Dessinateur: Reine Victoria	null	null	original	null	1
tt0000065	2	Dessinateur: Reine Victoria	FR	null	imdbDisplay	null	0
tt0000066	1	Dessinateur: Von Bismark	FR	null	imdbDisplay	null	0
tt0000066	2	Dessinateur: Von Bismark	null	null	original	null	1
tt0000067	1	Dix chapeaux en 60 secondes	null	null	original	null	1
tt0000067	2	Conjurer Making Ten Hats in Sixty Seconds	US	null	null	null	0
tt0000067	3	Dix chapeaux en 60 secondes	FR	null	imdbDisplay	null	0
tt0000068	1	Unloading the Boat	US	null	null	null	0
tt0000068	2	Déchargement de bateaux au Havre	FR	null	alternative	null	0
tt0000068	3	Déchargement de bateaux	FR	null	imdbDisplay	null	0
tt0000068	4	Déchargement de bateaux	null	null	original	null	1
tt0000069	1	Post No Bills	US	null	null	null	0
tt0000069	2	Защита	RU	null	imdbDisplay	null	0
tt0000069	3	Απαγορεύεται η αφισοκόλλησις	GR	null	imdbDisplay	null	0
tt0000069	4	Defense Show	US	null	null	literal English title	0
tt0000069	5	Défense d'afficher	null	null	original	null	1
tt0000069	6	Défense d'afficher	FR	null	imdbDisplay	null	0
tt0000070	10	Demolition of a Wall	CA	en	imdbDisplay	null	0
tt0000070	11	Разрушение стены	RU	null	imdbDisplay	null	0
tt0000070	12	Zburzenie muru	PL	null	imdbDisplay	null	0
tt0000070	13	Démolition d'un mur	null	null	original	null	1
tt0000070	14	En vägg rivs	FI	sv	null	informal title	0
tt0000070	15	Démolition d'un mur	FR	null	imdbDisplay	null	0
tt0000070	16	Зруйнування муру	UA	null	imdbDisplay	null	0
tt0000070	1	Falbontás	HU	null	imdbDisplay	null	0
tt0000070	2	Miten seinä hajotetaan	FI	null	null	informal title	0
tt0000070	3	Demolition of a Wall	US	null	imdbDisplay	null	0
tt0000070	4	Demolizione di un muro	IT	null	imdbDisplay	null	0
tt0000070	5	Demolition of a Wall	GB	null	imdbDisplay	null	0
tt0000070	6	Seinän kaataminen	FI	null	null	informal title	0
tt0000070	7	Demolición de un muro	UY	null	null	premiere title	0
tt0000070	8	Demolition of a Wall	XWW	en	imdbDisplay	null	0
tt0000070	9	Demolição de um Muro	BR	null	imdbDisplay	null	0
tt0000071	1	Automobiles Starting a Race	US	null	imdbDisplay	null	0
tt0000071	2	Départ des automobiles	FR	null	imdbDisplay	null	0
tt0000071	3	Départ des automobiles	null	null	original	null	1
tt0000072	1	Officers of French Army Leaving Service	US	null	imdbDisplay	null	0
tt0000072	2	Départ des officiers	null	null	original	null	1
tt0000072	3	Départ des officiers	FR	null	imdbDisplay	null	0
tt0000073	1	Effets de mer sur les rochers	null	null	original	null	1
tt0000073	2	Effets de mer sur les rochers	FR	null	imdbDisplay	null	0
tt0000073	3	Sea Breaking on the Rocks	GB	null	imdbDisplay	null	0
tt0000074	1	Children Playing on the Beach	GB	null	imdbDisplay	null	0
tt0000074	2	Enfants jouant sur la plage	null	null	original	null	1
tt0000074	3	Enfants jouant sur la plage	FR	null	imdbDisplay	null	0
tt0000075	10	Escamotage d'une dame au théâtre Robert Houdin	null	null	original	null	1
tt0000075	1	Escamotage d'une dame chez Robert-Houdin	FR	null	alternative	null	0
tt0000075	2	Egy hölgy eltűnése	HU	null	imdbDisplay	null	0
tt0000075	3	Исчезновение дамы в театре Робера Удена	RU	null	imdbDisplay	null	0
tt0000075	4	The Vanishing Lady	null	null	null	null	0
tt0000075	5	Znikająca kobieta	PL	null	imdbDisplay	null	0
tt0000075	6	ロベール＝ウーダン劇場における婦人の雲隠れ	JP	ja	imdbDisplay	null	0
tt0000075	7	The Conjuring of a Woman at the House of Robert Houdin	US	null	null	null	0
tt0000075	8	Escamotage d'une dame au théâtre Robert Houdin	FR	null	imdbDisplay	null	0
tt0000075	9	O Desaparecimento de uma Dama no Teatro Robert Houdin	BR	null	imdbDisplay	null	0
tt0000076	1	Выход Рипа и гнома	RU	null	imdbDisplay	null	0
tt0000076	2	Rip and the Dwarf	US	null	null	copyright title	0
tt0000076	3	Exit of Rip and the Dwarf	US	null	imdbDisplay	null	0
tt0000076	4	Exit of Rip and the Dwarf	null	null	original	null	1
tt0000077	1	Le fakir, mystère indien	null	null	original	null	1
tt0000077	2	Le fakir, mystère indien	FR	null	imdbDisplay	null	0
tt0000078	1	Feira de Gado na Corujeira	PT	null	imdbDisplay	null	0
tt0000078	2	Feira de Gado na Corujeira	null	null	original	null	1
tt0000078	3	A Feira da Corujeira	PT	null	null	short title	0
tt0000078	4	O Mercado da Corujeira	PT	null	null	informal alternative title	0
tt0000079	1	La gare Saint-Lazare	null	null	original	null	1
tt0000079	2	La gare Saint-Lazare	FR	null	imdbDisplay	null	0
tt0000080	1	Большие манёвры	RU	null	imdbDisplay	null	0
tt0000080	2	Manoeuvres of the French Army	GB	null	imdbDisplay	null	0
tt0000080	3	Grandes manoeuvres	FR	null	imdbDisplay	null	0
tt0000080	4	Grandes manoeuvres	null	null	original	null	1
tt0000081	1	Les haleurs de bateaux	FR	null	imdbDisplay	null	0
tt0000081	2	Les haleurs de bateaux	null	null	original	null	1
tt0000081	3	Towing a Boat on the River	US	null	imdbDisplay	null	0
tt0000082	1	A Hard Wash	US	null	imdbDisplay	null	0
tt0000082	2	A Hard Wash	null	null	original	null	1
tt0000082	3	A Pickaninny's Battle	US	null	alternative	null	0
tt0000083	1	Die Indiskreten	DE	null	null	null	0
tt0000083	2	Les indiscrets	null	null	original	null	1
tt0000083	3	Les indiscrets	FR	null	imdbDisplay	null	0
tt0000083	4	The Peeping Toms	GB	null	imdbDisplay	null	0
tt0000084	1	The Drunkards	GB	null	imdbDisplay	null	0
tt0000084	2	Les ivrognes	null	null	original	null	1
tt0000084	3	Les ivrognes	FR	null	imdbDisplay	null	0
tt0000085	1	Gardener Burning Weeds	US	null	null	null	0
tt0000085	2	Jardinier brûlant des herbes	FR	null	imdbDisplay	null	0
tt0000085	3	Jardinier brûlant des herbes	null	null	original	null	1
tt0000086	1	Beach and Pier at Trouville, 1st part	US	null	null	null	0
tt0000086	2	Jetée et plage de Trouville (1er partie)	FR	null	imdbDisplay	null	0
tt0000086	3	Jetée et plage de Trouville (1er partie)	null	null	original	null	1
tt0000087	1	Jetée et plage de Trouville (2e partie)	FR	null	imdbDisplay	null	0
tt0000087	2	Jetée et plage de Trouville (2e partie)	null	null	original	null	1
tt0000087	3	Beach and Pier at Trouville, 2nd part	US	null	null	null	0
tt0000088	1	Jour de marché à Trouville	null	null	original	null	1
tt0000088	2	Jour de marché à Trouville	FR	null	imdbDisplay	null	0
tt0000088	3	Market Day	US	null	null	null	0
tt0000089	1	Vonattal Jeruzsálemből	HU	null	imdbDisplay	null	0
tt0000089	2	Départ de Jérusalem en chemin de fer	null	null	original	null	1
tt0000089	3	Départ de Jérusalem en chemin de fer	FR	null	imdbDisplay	null	0
tt0000089	4	Отъезд из Иерусалима по железной дороге	RU	null	imdbDisplay	null	0
tt0000089	5	Juna lähtee Jerusalemista	FI	null	null	informal title	0
tt0000089	6	Tåget avgår från Jerusalem	FI	sv	null	informal title	0
tt0000089	7	Leaving Jerusalem by Railway	XWW	en	null	null	0
tt0000089	8	Wyjezdzajac z Jerozolimy koleja zelazna	PL	null	imdbDisplay	null	0
tt0000090	1	Breaking Up of the Territorial Army	GB	null	imdbDisplay	null	0
tt0000090	2	Libération des territoriaux	null	null	original	null	1
tt0000090	3	Libération des territoriaux	FR	null	imdbDisplay	null	0
tt0000091	10	Le manoir du diable	null	null	original	null	1
tt0000091	11	Замок дьявола	RU	null	imdbDisplay	null	0
tt0000091	12	The Haunted Castle	NO	null	imdbDisplay	null	0
tt0000091	13	Le manoir du diable	FR	null	imdbDisplay	null	0
tt0000091	14	Az ördög kastélya	HU	null	imdbDisplay	null	0
tt0000091	15	The Devil's Castle	XEU	en	null	null	0
tt0000091	16	The House of the Devil	US	null	null	null	0
tt0000091	17	The Manor of the Devil	null	null	null	null	0
tt0000091	1	Manor of the Devil	null	null	null	null	0
tt0000091	2	Rezydencja diabła	PL	null	imdbDisplay	null	0
tt0000091	3	O Solar do Diabo	BR	null	imdbDisplay	null	0
tt0000091	4	Уклети замак	RS	null	imdbDisplay	null	0
tt0000091	5	Замок диявола	UA	null	imdbDisplay	null	0
tt0000091	6	The Devil's Manor	null	null	null	null	0
tt0000091	7	悪魔の館	JP	ja	imdbDisplay	null	0
tt0000091	8	La mansión del diablo	ES	null	imdbDisplay	null	0
tt0000091	9	The Haunted Castle	US	null	dvd	null	0
tt0000092	1	Marée montante sur Brise-Larmes	FR	null	imdbDisplay	null	0
tt0000092	2	Tide Rising Over the Breakwater	GB	null	imdbDisplay	null	0
tt0000092	3	Marée montante sur Brise-Larmes	null	null	original	null	1
tt0000093	1	Мельбурн	RU	null	imdbDisplay	null	0
tt0000093	2	Melbourne	null	null	original	null	1
tt0000093	3	Melbourne	FR	null	imdbDisplay	null	0
tt0000094	1	Miss de Vere	FR	null	imdbDisplay	null	0
tt0000094	2	Miss de Vere	null	null	original	null	1
tt0000094	3	Miss de Vere (gigue anglaise)	FR	null	alternative	null	0
tt0000095	1	Le papier protée	FR	null	imdbDisplay	null	0
tt0000095	2	The Mysterious Paper	US	null	null	null	0
tt0000095	3	Le papier protée	null	null	original	null	1
tt0000096	1	Place Saint-Augustin	FR	null	imdbDisplay	null	0
tt0000096	2	Place Saint-Augustin	null	null	original	null	1
tt0000097	1	Place de l'Opéra, First View	US	null	null	null	0
tt0000097	2	Place de l'Opéra, 1er aspect	null	null	original	null	1
tt0000097	3	Place de l'Opéra, 1er aspect	FR	null	imdbDisplay	null	0
tt0000098	1	Place de l'Opéra, Second View	US	null	null	null	0
tt0000098	2	Place de l'Opéra, 2e aspect	FR	null	imdbDisplay	null	0
tt0000098	3	Place de l'Opéra, 2e aspect	null	null	original	null	1
tt0000099	1	Place de la Bastille	null	null	original	null	1
tt0000099	2	Place de la Bastille	FR	null	imdbDisplay	null	0
tt0000099	3	Площадь Бастилии	RU	null	imdbDisplay	null	0
tt0000100	1	Place de la Concorde	null	null	original	null	1
tt0000100	2	Place de la Concorde	FR	null	imdbDisplay	null	0
tt0000100	3	A párizsi Concorde tér	HU	null	imdbDisplay	null	0
tt0000100	4	Площадь Согласия	RU	null	imdbDisplay	null	0
tt0000101	1	Place du théâtre français	null	null	original	null	1
tt0000101	2	Place du théâtre français	FR	null	imdbDisplay	null	0
tt0000102	1	The Beach at Villiers in a Gale	US	null	null	null	0
tt0000102	2	Plage de Villiers par gros temps	FR	null	imdbDisplay	null	0
tt0000102	3	Plage de Villiers par gros temps	null	null	original	null	1
tt0000103	1	Plus fort que le maître	null	null	original	null	1
tt0000103	2	Plus fort que le maître	FR	null	imdbDisplay	null	0
tt0000103	3	Smarter than the Teacher	US	null	null	null	0
tt0000104	1	Bomberos en Lyon	ES	null	imdbDisplay	null	0
tt0000104	2	Pompiers à Lyon	FR	null	imdbDisplay	null	0
tt0000104	3	Passage des pompes	FR	null	alternative	null	0
tt0000104	4	Paris: les pompiers, I. Passage des pompes	FR	null	null	long title	0
tt0000104	5	Pompiers à Lyon	null	null	original	null	1
tt0000105	1	Les quais à Marseille	FR	null	imdbDisplay	null	0
tt0000105	2	The Docks at Marseilles	US	null	null	null	0
tt0000105	3	Les quais à Marseille	null	null	original	null	1
tt0000106	1	Retour au cantonnement	FR	null	imdbDisplay	null	0
tt0000106	2	Retour au cantonnement	null	null	original	null	1
tt0000107	1	Revue navale à Cherbourg	FR	null	imdbDisplay	null	0
tt0000107	2	Revue navale à Cherbourg	null	null	original	null	1
tt0000107	3	Naval Review at Cherburg	US	null	null	null	0
tt0000108	1	Rip Leaving Sleepy Hollow	US	null	imdbDisplay	null	0
tt0000108	2	Рип покидает Сонную лощину	RU	null	imdbDisplay	null	0
tt0000108	3	Rip Leaving Sleepy Hollow	null	null	original	null	1
tt0000109	1	Rip Meeting the Dwarf	null	null	original	null	1
tt0000109	2	Rip Meeting the Dwarf	US	null	imdbDisplay	null	0
tt0000109	3	Рип встречает гнома	RU	null	imdbDisplay	null	0
tt0000110	1	Rip Passing Over the Mountain	null	null	original	null	1
tt0000110	2	Rip Passing Over Hill	US	null	null	copyright title	0
tt0000110	3	Rip Passing Over the Mountain	US	null	imdbDisplay	null	0
tt0000110	4	Рип переходит через холм	RU	null	imdbDisplay	null	0
tt0000111	1	Rip's Toast	null	null	original	null	1
tt0000111	2	Rip's Toast	US	null	imdbDisplay	null	0
tt0000111	3	Тост Рипа	RU	null	imdbDisplay	null	0
tt0000112	1	Rip's Toast to Hudson and Crew	US	null	alternative	null	0
tt0000112	2	Rip's Toast to Hudson	null	null	original	null	1
tt0000112	3	Тост Рипа за Хадсона	RU	null	imdbDisplay	null	0
tt0000112	4	Rip's Toast to Hudson	US	null	imdbDisplay	null	0
tt0000113	1	20 лет сна Рипа	RU	null	imdbDisplay	null	0
tt0000113	2	Rip's Twenty Years' Sleep	null	null	original	null	1
tt0000113	3	Rip's Twenty Years' Sleep	DE	null	imdbDisplay	null	0
tt0000113	4	Rip's Twenty Years' Sleep	US	null	imdbDisplay	null	0
tt0000114	1	Le régiment	null	null	original	null	1
tt0000114	2	Le régiment	FR	null	imdbDisplay	null	0
tt0000114	3	French Regiment Going to the Parade	US	null	null	null	0
tt0000115	1	Réunion d'officiers	null	null	original	null	1
tt0000115	2	Réunion d'officiers	FR	null	imdbDisplay	null	0
tt0000115	3	French Officers' Meeting	GB	null	imdbDisplay	null	0
tt0000116	1	Sac au dos	null	null	original	null	1
tt0000116	2	Sac au dos	FR	null	imdbDisplay	null	0
tt0000117	1	Saída do Pessoal Operário da Fábrica Confiança	null	null	original	null	1
tt0000117	2	Workers Exit from the Confianca Shirt Factory	XWW	en	null	literal English title	0
tt0000117	3	Saída do Pessoal Operário da Fábrica Confiança	PT	null	imdbDisplay	null	0
tt0000117	4	Saída do Pessoal Operário da Camisaria Confiança	null	null	null	null	0
tt0000118	1	Salut malencontreux d'un déserteur	FR	null	imdbDisplay	null	0
tt0000118	2	Salut malencontreux d'un déserteur	null	null	original	null	1
tt0000119	1	Sauvetage en rivière, 1er	FR	null	imdbDisplay	null	0
tt0000119	2	Rescue on the River, Pt. 2	US	null	null	null	0
tt0000119	3	Sauvetage en rivière, 1er	null	null	original	null	1
tt0000120	1	Sauvetage en rivière, 2e	null	null	original	null	1
tt0000120	2	Sauvetage en rivière, 2e	FR	null	imdbDisplay	null	0
tt0000120	3	Rescue on the River, Pt. 1	US	null	null	null	0
tt0000121	1	Le piou-piou galant	FR	null	imdbDisplay	null	0
tt0000121	2	Ухаживание солдата	RU	null	imdbDisplay	null	0
tt0000121	3	The Soldier's Courtship	null	null	original	null	1
tt0000121	4	Vojnikovo udvaranje	XYU	sr	null	literal title	0
tt0000121	5	The Soldier's Courtship	GB	null	imdbDisplay	null	0
tt0000122	1	Closing Hours at Vibert's Perfume Factory	US	null	imdbDisplay	null	0
tt0000122	2	Sortie des ateliers Vibert	FR	null	imdbDisplay	null	0
tt0000122	3	Sortie des ateliers Vibert	null	null	original	null	1
tt0000123	1	Séance de prestidigitation	FR	null	imdbDisplay	null	0
tt0000123	2	Conjuring	US	null	null	null	0
tt0000123	3	Séance de prestidigitation	null	null	original	null	1
tt0000124	1	Tempête sur la jetée du treport	null	null	original	null	1
tt0000124	2	Tempête sur la jetée du treport	FR	null	imdbDisplay	null	0
tt0000124	3	The Pier at Treport During a Storm	GB	null	imdbDisplay	null	0
tt0000125	1	The Terrible Railway Accident	GB	null	imdbDisplay	null	0
tt0000125	2	The Terrible Railway Accident	null	null	original	null	1
tt0000126	1	Tom Old Boot	null	null	original	null	1
tt0000126	2	Tom Old Boot, nain grotesque	FR	null	alternative	null	0
tt0000126	3	Nain grotesque	FR	null	null	null	0
tt0000127	1	Les tribulations d'un concierge	FR	null	imdbDisplay	null	0
tt0000127	2	Les tribulations d'un concierge	null	null	original	null	1
tt0000128	1	Academy for Young Ladies	US	null	null	null	0
tt0000128	2	Un lycée de jeunes filles	FR	null	imdbDisplay	null	0
tt0000128	3	Un lycée de jeunes filles	null	null	original	null	1
tt0000129	1	A Little Rascal	US	null	null	informal English title	0
tt0000129	2	Un petit diable	FR	null	imdbDisplay	null	0
tt0000129	3	Un petit diable	null	null	original	null	1
tt0000129	4	A Little Devil	US	null	null	informal English title	0
tt0000130	1	Une altercation au café	FR	null	imdbDisplay	null	0
tt0000130	2	Une altercation au café	null	null	original	null	1
tt0000131	10	A Terrible Night	XWW	en	null	null	0
tt0000131	11	困った一夜	JP	ja	imdbDisplay	null	0
tt0000131	1	Une nuit terrible	null	null	original	null	1
tt0000131	2	Užasna noć	RS	null	imdbDisplay	null	0
tt0000131	3	Ужасная ночь	RU	null	imdbDisplay	null	0
tt0000131	4	Une nuit terrible	FR	null	imdbDisplay	null	0
tt0000131	5	Mia tromeri nichta	GR	null	null	transliterated title	0
tt0000131	6	Жахлива ніч	UA	null	imdbDisplay	null	0
tt0000131	7	Przerażająca noc	PL	null	imdbDisplay	null	0
tt0000131	8	Μία τρομερή νύχτα	GR	null	imdbDisplay	null	0
tt0000131	9	Uma Noite Terrível	BR	null	imdbDisplay	null	0
tt0000132	10	Card Party	US	null	imdbDisplay	null	0
tt0000132	11	Une partie de cartes	FR	null	imdbDisplay	null	0
tt0000132	1	Playing Cards	null	null	null	null	0
tt0000132	2	Une partie de cartes	null	null	original	null	1
tt0000132	3	Partia kart	PL	null	imdbDisplay	null	0
tt0000132	4	Card Party	XWW	en	imdbDisplay	null	0
tt0000132	5	Card Party	CA	en	imdbDisplay	null	0
tt0000132	6	Card Party	GB	null	imdbDisplay	null	0
tt0000132	7	カード遊び	JP	ja	imdbDisplay	null	0
tt0000132	8	Játékkártyák	HU	null	imdbDisplay	null	0
tt0000132	9	Партия в карты	RU	null	imdbDisplay	null	0
tt0000133	1	La voiture du potier	FR	null	imdbDisplay	null	0
tt0000133	2	La voiture du potier	null	null	original	null	1
tt0000134	1	The Wandering Negro Minstrels	null	null	original	null	1
tt0000134	2	The Wandering Negro Minstrels	GB	null	imdbDisplay	null	0
tt0000135	1	Oh, That Watermelon!	US	null	alternative	null	0
tt0000135	2	A Watermelon Feast	null	null	original	null	1
tt0000135	3	A Watermelon Feast	US	null	imdbDisplay	null	0
tt0000137	1	Au réfectoire	FR	null	imdbDisplay	null	0
tt0000137	2	Au réfectoire	null	null	original	null	1
tt0000138	1	To magemeno pandochio	GR	null	null	transliterated title	0
tt0000138	2	Заколдованная гостиница	RU	null	imdbDisplay	null	0
tt0000138	3	Το μαγεμένο πανδοχείο	GR	null	imdbDisplay	null	0
tt0000138	4	The Bewitched Inn	US	null	null	null	0
tt0000138	5	L'auberge ensorcelée	null	null	original	null	1
tt0000138	6	L'auberge ensorcelée	FR	null	imdbDisplay	null	0
tt0000138	7	Zaczarowana gospoda	PL	null	imdbDisplay	null	0
tt0000139	1	L'aveugle	FR	null	imdbDisplay	null	0
tt0000139	2	L'aveugle	null	null	original	null	1
tt0000140	1	Купание в реке	RU	null	imdbDisplay	null	0
tt0000140	2	Baignade dans le torrent	null	null	original	null	1
tt0000140	3	Baignade dans un torrent	FR	null	imdbDisplay	null	0
tt0000140	4	Bathing in a Stream	XWW	en	dvd	null	0
tt0000141	1	Балетная постановка	RU	null	imdbDisplay	null	0
tt0000141	2	Ballet libella	null	null	original	null	1
tt0000141	3	Ballet libella	FR	null	imdbDisplay	null	0
tt0000142	1	Buffalo Bill and Escort	null	null	original	null	1
tt0000142	2	Buffalo Bill and Escort	US	null	imdbDisplay	null	0
tt0000143	1	The Burglars	XWW	en	dvd	null	0
tt0000143	2	Les cambrioleurs	FR	null	imdbDisplay	null	0
tt0000143	3	Грабители	RU	null	imdbDisplay	null	0
tt0000143	4	Les cambrioleurs	null	null	original	null	1
tt0000144	1	У гипнотизера	RU	null	imdbDisplay	null	0
tt0000144	2	Chez le magnétiseur	null	null	original	null	1
tt0000144	3	At the Hypnotist's	XWW	en	dvd	null	0
tt0000144	4	At the Hypnotist's	US	null	null	literal English title	0
tt0000144	5	Chez le magnétiseur	FR	null	imdbDisplay	null	0
tt0000145	1	En classe	null	null	original	null	1
tt0000145	2	En classe	FR	null	imdbDisplay	null	0
tt0000146	1	Le cocher de fiacre endormi	FR	null	imdbDisplay	null	0
tt0000146	2	Alvó taxisoför	HU	null	imdbDisplay	null	0
tt0000146	3	Le cocher de fiacre endormi	null	null	original	null	1
tt0000147	1	The Corbett-Fitzsimmons Fight	US	null	imdbDisplay	null	0
tt0000147	2	Бой Корбетта и Фитцсиммонса	RU	null	imdbDisplay	null	0
tt0000147	3	The Corbett-Fitzsimmons Fight	null	null	original	null	1
tt0000148	1	Coucher d'Yvette et Pierreuse	FR	null	null	long title	0
tt0000148	2	Le Coucher d'Yvette	null	null	original	null	1
tt0000148	3	Le Coucher d'Yvette	FR	null	imdbDisplay	null	0
tt0000149	1	Dans les coulisses	FR	null	imdbDisplay	null	0
tt0000149	2	Dans les coulisses	null	null	original	null	1
tt0000149	3	Behind the Scenes	US	null	imdbDisplay	null	0
tt0000150	1	Danse fleur de lotus	null	null	original	null	1
tt0000150	2	Danse fleur de lotus	FR	null	imdbDisplay	null	0
tt0000150	3	Танец цветов лотоса	RU	null	imdbDisplay	null	0
tt0000150	4	Danse fleur de lotus	DE	null	imdbDisplay	null	0
tt0000151	1	Faust és Margit	HU	null	imdbDisplay	null	0
tt0000151	2	Faust and Marguerite	null	null	null	null	0
tt0000151	3	Faust et Marguerite	FR	null	imdbDisplay	null	0
tt0000151	4	Faust et Marguerite	null	null	original	null	1
tt0000151	5	Фауст и Маргарита	RU	null	imdbDisplay	null	0
tt0000152	1	L'hallucination de l'alchimiste	FR	null	imdbDisplay	null	0
tt0000152	2	L'hallucination de l'alchimiste	null	null	original	null	1
tt0000152	3	The Hallucinated Alchemist	US	null	null	null	0
tt0000152	4	Η παραίσθηση του αλχημιστή	GR	null	imdbDisplay	null	0
tt0000152	5	Галлюцинация алхимика	RU	null	imdbDisplay	null	0
tt0000152	6	The Alchemist's Hallucination	US	null	null	literal title	0
tt0000153	1	The Haunted Castle	GB	null	imdbDisplay	null	0
tt0000153	2	Az elvarázsolt kastély	HU	null	imdbDisplay	null	0
tt0000153	3	Το στοιχειωμένο κάστρο	GR	null	imdbDisplay	null	0
tt0000153	4	The Haunted Castle	null	null	original	null	1
tt0000154	1	Henley Regatta	GB	null	imdbDisplay	null	0
tt0000154	2	Henley Regatta	null	null	original	null	1
tt0000155	1	Le magnétiseur	FR	null	imdbDisplay	null	0
tt0000155	2	While Under a Hypnotist's Influence	GB	null	null	null	0
tt0000155	3	Le magnétiseur	null	null	original	null	1
tt0000155	4	The Hypnotist at Work	US	null	null	null	0
tt0000156	1	L'hôtel empoisonné	null	null	original	null	1
tt0000156	2	L'hôtel empoisonné	FR	null	imdbDisplay	null	0
tt0000156	3	A Badly Managed Hotel	XWW	en	imdbDisplay	null	0
tt0000156	4	A Badly Managed Hotel	GB	null	imdbDisplay	null	0
tt0000156	5	A Badly Managed Hotel	US	null	imdbDisplay	null	0
tt0000157	1	Idylle	FR	null	imdbDisplay	null	0
tt0000157	2	Idylle	null	null	original	null	1
tt0000158	1	Idylle interrompue	FR	null	imdbDisplay	null	0
tt0000158	2	Idylle interrompue	null	null	original	null	1
tt0000159	1	Le cabinet de Méphistophélès	null	null	original	null	1
tt0000159	2	Le cabinet de Méphistophélès	FR	null	imdbDisplay	null	0
tt0000159	3	The Devil's Laboratory	US	null	null	null	0
tt0000159	4	Кабинет Мефистофеля	RU	null	imdbDisplay	null	0
tt0000159	5	The Cabinet of Mephistopheles	XWW	en	null	null	0
tt0000159	6	The Laboratory of Mephistopheles	US	null	null	null	0
tt0000160	1	The Last Days of Pompeii	GB	null	imdbDisplay	null	0
tt0000160	2	The Last Days of Pompeii	null	null	original	null	1
tt0000161	1	Leçon de danse	null	null	original	null	1
tt0000161	2	Leçon de danse	FR	null	imdbDisplay	null	0
tt0000162	1	Niagara	FR	null	alternative	null	0
tt0000162	2	Les chutes	FR	null	imdbDisplay	null	0
tt0000162	3	A Niagara-vízesés	HU	null	imdbDisplay	null	0
tt0000162	4	Ніагарський водоспад	UA	null	imdbDisplay	null	0
tt0000162	5	Les chutes	null	null	original	null	1
tt0000162	6	Niagara Falls	XWW	en	null	null	0
tt0000162	7	The Niagara Waterfall	XWW	en	null	null	0
tt0000162	8	Niagara-fallet	FI	sv	null	informal title	0
tt0000162	9	Niagaran putoukset	FI	null	null	informal title	0
tt0000163	1	Le planton du colonel	null	null	original	null	1
tt0000163	2	Le planton du colonel	FR	null	imdbDisplay	null	0
tt0000164	1	The Fisherman at the Stream	XWW	en	dvd	null	0
tt0000164	2	Le pêcheur dans le torrent	null	null	original	null	1
tt0000164	3	Le pêcheur dans le torrent	FR	null	imdbDisplay	null	0
tt0000164	4	Рыбак в речке	RU	null	imdbDisplay	null	0
tt0000165	1	Riña en un café	ES	null	imdbDisplay	null	0
tt0000165	2	Ссора в кафе	RU	null	imdbDisplay	null	0
tt0000165	3	Riña en un café	null	null	original	null	1
tt0000166	1	Salida de los trabajadores de la fábrica España Industrial	ES	null	imdbDisplay	null	0
tt0000166	2	Salida de los trabajadores de la fábrica España Industrial	null	null	original	null	1
tt0000167	1	Salida de misa de doce del Pilar de Zaragoza	null	null	original	null	1
tt0000167	2	Salida de misa de doce del Pilar de Zaragoza	ES	null	imdbDisplay	null	0
tt0000168	1	Salida del público de la iglesia parroquial de Santa María de Sans	null	null	original	null	1
tt0000168	2	Salida del público de la iglesia parroquial de Santa María de Sans	ES	null	imdbDisplay	null	0
tt0000169	1	Slagsmål i gamla Stockholm	SE	null	imdbDisplay	null	0
tt0000169	2	Битва в старом Стокгольме	RU	null	imdbDisplay	null	0
tt0000169	3	Une bataille dans le vieux Stockholm	FR	null	null	null	0
tt0000169	4	Slagsmål i gamla Stockholm	null	null	original	null	1
tt0000170	1	The Twins' Tea Party	null	null	original	null	1
tt0000170	2	The Twins' Tea Party	GB	null	imdbDisplay	null	0
tt0000170	3	Чайная вечеринка близнецов	RU	null	imdbDisplay	null	0
tt0000171	1	Une nuit agitée	null	null	original	null	1
tt0000171	2	Une nuit agitée	FR	null	imdbDisplay	null	0
tt0000172	1	The X-Ray Fiend	GB	null	imdbDisplay	null	0
tt0000172	2	The X-Ray Fiend	null	null	original	null	1
tt0000172	3	Рентгеновский бес	RU	null	imdbDisplay	null	0
tt0000172	4	The X-Rays	GB	null	alternative	null	0
tt0000173	1	Battle of Santiago Bay	null	null	original	null	1
tt0000173	2	Battle of Santiago Bay	US	null	imdbDisplay	null	0
tt0000174	1	Výstavní párkar a lepic plakátù	null	null	original	null	1
tt0000174	2	The Exhibition Sausage Seller and the Billposter	XWW	en	null	literal English title	0
tt0000174	3	Výstavní párkar a lepic plakátù	AT	null	imdbDisplay	null	0
tt0000174	4	The Bill Sticker and the Sausage Vendor	null	null	null	null	0
tt0000175	1	A Boca do Inferno	PT	null	null	null	0
tt0000175	2	Морская пещера возле Лиссабона	RU	null	imdbDisplay	null	0
tt0000175	3	A Sea Cave Near Lisbon	GB	null	imdbDisplay	null	0
tt0000175	4	A Sea Cave Near Lisbon	null	null	original	null	1
tt0000175	5	A Boca do Inferno em Cascais	PT	null	null	null	0
tt0000176	1	Brittania	GB	null	imdbDisplay	null	0
tt0000176	2	Brittania	null	null	original	null	1
tt0000177	1	Вор-домушник на крыше	RU	null	imdbDisplay	null	0
tt0000177	2	The Burglar on the Roof	US	null	imdbDisplay	null	0
tt0000177	3	The Burglar on the Roof	null	null	original	null	1
tt0000178	1	The Cavalier's Dream	US	null	imdbDisplay	null	0
tt0000178	2	The Cavalier's Dream	null	null	original	null	1
tt0000179	1	The Cave of the Demons	null	null	original	null	1
tt0000179	2	The Cave of the Demons	US	null	null	null	0
tt0000179	3	La caverne maudite	FR	null	imdbDisplay	null	0
tt0000180	1	Le chemin de croix	null	null	original	null	1
tt0000180	2	Le chemin de croix	FR	null	imdbDisplay	null	0
tt0000181	1	Cenicienta	VE	null	null	null	0
tt0000181	2	Cinderella	null	null	original	null	1
tt0000181	3	Cinderella	GB	null	imdbDisplay	null	0
tt0000181	4	Cinderella and the Fairy Godmother	null	null	null	null	0
tt0000182	1	Пошли скорее, давай!	RU	null	imdbDisplay	null	0
tt0000182	2	Come Along, Do!	null	null	original	null	1
tt0000182	3	Come Along, Do!	GB	null	imdbDisplay	null	0
tt0000182	4	Viens donc, je t'en prie	FR	null	imdbDisplay	null	0
tt0000182	5	Exhibition	GB	null	alternative	null	0
tt0000182	6	Bemutató	HU	null	imdbDisplay	null	0
tt0000183	1	The Corsican Brothers	GB	null	imdbDisplay	null	0
tt0000183	2	The Corsican Brothers	null	null	original	null	1
tt0000183	3	The Corsican Brothers	DE	null	imdbDisplay	null	0
tt0000184	1	Cripple Creek Bar-Room Scene	US	null	imdbDisplay	null	0
tt0000184	2	Бар в Криппл-Крике	RU	null	imdbDisplay	null	0
tt0000184	3	Cripple Creek Bar-Room Scene	null	null	original	null	1
tt0000185	1	La crèche à Bethléem	null	null	original	null	1
tt0000185	2	La crèche à Bethléem	FR	null	imdbDisplay	null	0
tt0000186	1	Le cuirassé Maine	null	null	original	null	1
tt0000186	2	Le cuirassé Maine	FR	null	imdbDisplay	null	0
tt0000187	1	La cène	FR	null	imdbDisplay	null	0
tt0000187	2	La cène	null	null	original	null	1
tt0000188	1	The Deserter	null	null	original	null	1
tt0000188	2	The Deserter	GB	null	imdbDisplay	null	0
tt0000189	1	Dorotea	ES	null	imdbDisplay	null	0
tt0000189	2	Dorotea	null	null	original	null	1
tt0000190	1	Appointment at the Mill	null	null	null	null	0
tt0000190	2	Dostavenícko ve mlýnici	null	null	original	null	1
tt0000190	3	Svábovo zmarené dostavenícko	CSHH	cs	null	null	0
tt0000190	4	Свидание у мукомольни	RU	null	imdbDisplay	null	0
tt0000191	1	Déménagement à la cloche de bois	null	null	original	null	1
tt0000191	2	Déménagement à la cloche de bois	FR	null	imdbDisplay	null	0
tt0000192	1	Ella Lola, a la Trilby	null	null	original	null	1
tt0000192	2	Ella Lola, a la Trilby	US	null	imdbDisplay	null	0
tt0000193	1	L'entrée à Jérusalem	null	null	original	null	1
tt0000193	2	L'entrée à Jérusalem	FR	null	imdbDisplay	null	0
tt0000194	1	Express Train on a Railway Cutting	null	null	original	null	1
tt0000194	2	Express Train on a Railway Cutting	GB	null	imdbDisplay	null	0
tt0000195	1	Les farces de Jocko	null	null	original	null	1
tt0000195	2	Les farces de Jocko	FR	null	imdbDisplay	null	0
tt0000196	1	Faust and Mephistopheles	GB	null	imdbDisplay	null	0
tt0000196	2	Faust and Mephistopheles	null	null	original	null	1
tt0000197	1	La flagellation	null	null	original	null	1
tt0000197	2	La flagellation	FR	null	imdbDisplay	null	0
tt0000198	1	La fuite en Égypte	FR	null	imdbDisplay	null	0
tt0000198	2	La fuite en Égypte	null	null	original	null	1
tt0000199	1	Glasgow Fire Engine	GB	null	imdbDisplay	null	0
tt0000199	2	Glasgow Fire Engine	null	null	original	null	1
tt0000200	1	Gran corrida de toros	ES	null	imdbDisplay	null	0
tt0000200	2	Gran corrida de toros	null	null	original	null	1
tt0000201	1	Indian War Council	US	null	imdbDisplay	null	0
tt0000201	2	Indian War Council	null	null	original	null	1
tt0000202	1	Le jardin des oliviers	FR	null	imdbDisplay	null	0
tt0000202	2	Le jardin des oliviers	null	null	original	null	1
tt0000203	1	Je vous y prrrrends!	null	null	original	null	1
tt0000203	2	Je vous y prrrrends!	FR	null	imdbDisplay	null	0
tt0000203	3	Je vous y prends...	null	null	alternative	null	0
tt0000204	1	Jésus devant Pilate	FR	null	imdbDisplay	null	0
tt0000204	2	Jésus devant Pilate	null	null	original	null	1
tt0000205	1	Leçons de boxe	FR	null	imdbDisplay	null	0
tt0000205	2	Leçons de boxe	null	null	original	null	1
tt0000206	1	Llegada de un tren a la estación de ferrocarril del Norte, de Barcelona	ES	null	imdbDisplay	null	0
tt0000206	2	Llegada de un tren a la estación de ferrocarril del Norte, de Barcelona	null	null	original	null	1
tt0000207	1	London Express	GB	null	imdbDisplay	null	0
tt0000207	2	London Express	null	null	original	null	1
tt0000208	1	A molnár és a kéményseprő	HU	null	imdbDisplay	null	0
tt0000208	2	The Miller and the Sweep	null	null	original	null	1
tt0000208	3	Мельник и трубочист	RU	null	imdbDisplay	null	0
tt0000208	4	The Miller and Sweep	GB	null	null	informal short title	0
tt0000208	5	The Miller and the Sweep	GB	null	imdbDisplay	null	0
tt0000208	6	The Miller and Chimney Sweep	US	null	null	null	0
tt0000209	1	Photographing a Ghost	GB	null	imdbDisplay	null	0
tt0000209	2	Photographing a Ghost	null	null	original	null	1
tt0000210	1	A Novice at X-rays	US	null	null	null	0
tt0000210	2	Les rayons Röntgen	FR	null	imdbDisplay	null	0
tt0000210	3	Les rayons Röntgen	null	null	original	null	1
tt0000211	10	La lune à un mètre. L'observatoire, la lune, Phoebé	FR	null	null	null	0
tt0000211	11	Το όνειρο του αστρονόμου	GR	null	imdbDisplay	null	0
tt0000211	12	The Moon at One Meter	XWW	en	imdbDisplay	null	0
tt0000211	13	Астрономов сан	RS	null	imdbDisplay	null	0
tt0000211	14	To oniro tou astronomou	GR	null	null	transliterated title	0
tt0000211	15	Луна всего лишь в метре	RU	null	imdbDisplay	null	0
tt0000211	16	The Astronomer's Dream	null	null	null	new title	0
tt0000211	17	The Astronomer's Dream; or, the Man in the Moon	US	null	imdbDisplay	null	0
tt0000211	1	Sueños de un astrónomo	ES	null	null	null	0
tt0000211	2	The Moon at Arm's Length	XWW	en	null	null	0
tt0000211	3	La lune à un mètre	null	null	original	null	1
tt0000211	4	Le rêve d'un astronome	FR	null	alternative	null	0
tt0000211	5	La lune à un mètre	FR	null	imdbDisplay	null	0
tt0000211	6	Egy méterre a Hold	HU	null	imdbDisplay	null	0
tt0000211	7	La luna a un metro	ES	null	null	null	0
tt0000211	8	The Astronomer's Dream	GB	null	imdbDisplay	null	0
tt0000211	9	O Sonho do Astrônomo	BR	null	imdbDisplay	null	0
tt0000212	1	Saida do Paquete Duque de Braganca	GB	null	imdbDisplay	null	0
tt0000212	2	Saida do Paquete Duque de Braganca	null	null	original	null	1
tt0000213	1	Scène d'escamotage	null	null	original	null	1
tt0000213	2	Scène d'escamotage	FR	null	imdbDisplay	null	0
tt0000213	3	Disappearing Act	XWW	en	null	literal English title	0
tt0000213	4	Сцена исчезновения	RU	null	imdbDisplay	null	0
tt0000214	1	Tearing Down the Spanish Flag	null	null	original	null	1
tt0000214	2	Tearing Down the Spanish Flag	US	null	imdbDisplay	null	0
tt0000215	1	Smích a plác	null	null	original	null	1
tt0000215	2	Smích a plác	CSHH	null	imdbDisplay	null	0
tt0000215	3	Tears and Laughter	null	null	null	null	0
tt0000216	1	Visita de Doña María Cristina y Alfonso XIII a Barcelona	ES	null	imdbDisplay	null	0
tt0000216	2	Visita de Doña María Cristina y Alfonso XIII a Barcelona	null	null	original	null	1
tt0000217	1	Waves and Spray	GB	null	imdbDisplay	null	0
tt0000217	2	Waves and Spray	null	null	original	null	1
tt0000218	1	Die Affäre Dreyfus	DE	null	null	null	0
tt0000218	2	O Caso Dreyfus	BR	null	imdbDisplay	null	0
tt0000218	3	Sprawa Dreyfusa	PL	null	null	null	0
tt0000218	4	Dreyfusova aféra	CZ	null	imdbDisplay	null	0
tt0000218	5	The Dreyfus Affair	null	null	null	null	0
tt0000218	6	L'affaire Dreyfus	FR	null	imdbDisplay	null	0
tt0000218	7	Дело Дрейфуса	RU	null	imdbDisplay	null	0
tt0000218	8	A Dreyfus-ügy	HU	null	imdbDisplay	null	0
tt0000218	9	L'affaire Dreyfus	null	null	original	null	1
tt0000219	1	Aladdin and the Wonderful Lamp	GB	null	imdbDisplay	null	0
tt0000219	2	Aladdin and the Wonderful Lamp	null	null	original	null	1
tt0000220	1	The Artist and the Flower Girl	GB	null	imdbDisplay	null	0
tt0000220	2	The Artist and the Flower Girl	null	null	original	null	1
tt0000221	1	Aspectos da Praia de Cascais	PT	null	imdbDisplay	null	0
tt0000221	2	Aspectos da Praia de Cascais	null	null	original	null	1
tt0000222	1	At the Club	XWW	en	alternative	null	0
tt0000222	2	Au cabaret	null	null	original	null	1
tt0000222	3	Au cabaret	FR	null	imdbDisplay	null	0
tt0000222	4	В кафе	RU	null	imdbDisplay	null	0
tt0000223	1	L'aveugle	FR	null	imdbDisplay	null	0
tt0000223	2	L'aveugle	null	null	original	null	1
tt0000224	1	Battlefield	GB	null	imdbDisplay	null	0
tt0000224	2	Battlefield	null	null	original	null	1
tt0000225	1	La belle et la bête	null	null	original	null	1
tt0000225	2	La belle et la bête	FR	null	imdbDisplay	null	0
tt0000225	3	Beauty and the Beast	US	null	null	null	0
tt0000226	1	Boat Race	GB	null	imdbDisplay	null	0
tt0000226	2	Boat Race	null	null	original	null	1
tt0000227	1	Bombardment of Mafeking	null	null	original	null	1
tt0000227	2	Bombardment of Mafeking	GB	null	imdbDisplay	null	0
tt0000228	1	La bonne absinthe	DE	null	imdbDisplay	null	0
tt0000228	2	Wonderful Absinthe	CA	en	imdbDisplay	null	0
tt0000228	3	O Bom Absinto	BR	null	imdbDisplay	null	0
tt0000228	4	La bonne absinthe	null	null	original	null	1
tt0000228	5	La bonne absinthe	FR	null	imdbDisplay	null	0
tt0000228	6	Wonderful Absinthe	US	null	dvd	null	0
tt0000228	7	Отличный абсент	RU	null	imdbDisplay	null	0
tt0000229	1	Casey at the Bat, or, The Fate of a Rotten Umpire	US	null	dvd	null	0
tt0000229	2	Casey at the Bat	US	null	imdbDisplay	null	0
tt0000229	3	Casey at the Bat	null	null	original	null	1
tt0000230	10	Hamupipőke	HU	null	imdbDisplay	null	0
tt0000230	11	Золушка	RU	null	imdbDisplay	null	0
tt0000230	12	Cinderella	US	null	imdbDisplay	null	0
tt0000230	13	Cinderella and the Glass Slipper	GB	null	imdbDisplay	null	0
tt0000230	1	Cendrillon	null	null	original	null	1
tt0000230	2	Cendrillon	FR	null	imdbDisplay	null	0
tt0000230	3	Cenicienta	VE	null	null	null	0
tt0000230	4	Baile Até à Meia-Noite	PT	null	null	null	0
tt0000230	5	シンデレラ	JP	ja	imdbDisplay	null	0
